作家(handle)	作家名	欄	固有名詞(ja)	含まれる人名	種別	言語	現表記	人名部分	判定	判定の理由	社内の照合(本人ページのローマ字)	探索経路
kano-hogai	狩野 芳崖	groups	狩野派	狩野家	団体・流派	en	Kanō school	Kanō school	C	本便では公式サイトを特定できなかった	当該人物は掲載作家ではない（社内の照合先なし）	Wikidataに該当項目／公式サイトURLの登録なし
kano-hogai	狩野 芳崖	groups	狩野派	狩野家	団体・流派	ko	가노파	가노파	C	★館の公式サイトに韓国語ページを検出できず、ハングル表記の根拠が確認できない（日本語の読みからの音写と推測されるが未確認）	本人ページにハングル表記の欄が無いため社内照合先なし	公式サイト未特定
kano-hogai	狩野 芳崖	groups	狩野派	狩野家	団体・流派	fr	école Kanō	école Kanō	C	★人名部分の綴りが当社の英語表記（Kanō school）と食い違う（école Kanō）。相違の根拠は確認できない	当該人物は掲載作家ではない（社内の照合先なし）	同一固有名詞の8言語を並べて比較。公式サイトに当該言語のページは検出できず
kano-hogai	狩野 芳崖	groups	狩野派	狩野家	団体・流派	es	escuela Kanō	escuela Kanō	C	★人名部分の綴りが当社の英語表記（Kanō school）と食い違う（escuela Kanō）。相違の根拠は確認できない	当該人物は掲載作家ではない（社内の照合先なし）	同一固有名詞の8言語を並べて比較。公式サイトに当該言語のページは検出できず
kano-hogai	狩野 芳崖	groups	狩野派	狩野家	団体・流派	de	Kanō-Schule	Kanō Schule	C	★人名部分の綴りが当社の英語表記（Kanō school）と食い違う（Kanō Schule）。相違の根拠は確認できない	当該人物は掲載作家ではない（社内の照合先なし）	同一固有名詞の8言語を並べて比較。公式サイトに当該言語のページは検出できず
tomioka-tessai	富岡 鉄斎	collection	清荒神清澄寺鉄斎美術館	富岡鉄斎	館・施設	en	Tessai Museum, Kiyoshikōjin Seichōji	Tessai	C	本便では公式サイトを特定できなかった	本人ページのローマ字と一致（Tessai）	Wikidataに該当項目／公式サイトURLの登録なし
tomioka-tessai	富岡 鉄斎	collection	清荒神清澄寺鉄斎美術館	富岡鉄斎	館・施設	zh_cn	清荒神清澄寺铁斋美术馆	清荒神清澄寺铁斋美术馆	C	★日本語の人名漢字が字面として残っていない（清荒神清澄寺铁斋美术馆）。字体変換で説明できるか、別の語に置き換わっているか、1件ずつ読む必要がある	★日本語の人名漢字が1字も残っていない（簡体・繁体変換で別字になっている可能性）	公式サイト未特定。日本語の人名漢字との字体対応のみ機械照合
tomioka-tessai	富岡 鉄斎	collection	清荒神清澄寺鉄斎美術館	富岡鉄斎	館・施設	zh_tw	清荒神清澄寺鐵齋美術館	清荒神清澄寺鐵齋美術館	C	★日本語の人名漢字が字面として残っていない（清荒神清澄寺鐵齋美術館）。字体変換で説明できるか、別の語に置き換わっているか、1件ずつ読む必要がある	★日本語の人名漢字が1字も残っていない（簡体・繁体変換で別字になっている可能性）	公式サイト未特定。日本語の人名漢字との字体対応のみ機械照合
tomioka-tessai	富岡 鉄斎	collection	清荒神清澄寺鉄斎美術館	富岡鉄斎	館・施設	ko	기요시코진 세이초지 뎃사이 미술관	기요시코진 세이초지 뎃사이 미술관	C	★館の公式サイトに韓国語ページを検出できず、ハングル表記の根拠が確認できない（日本語の読みからの音写と推測されるが未確認）	本人ページにハングル表記の欄が無いため社内照合先なし	公式サイト未特定
tomioka-tessai	富岡 鉄斎	collection	清荒神清澄寺鉄斎美術館	富岡鉄斎	館・施設	fr	Musée Tessai, Kiyoshikōjin Seichōji	Tessai	C	当該言語の公式表記も英語の公式表記も確認できていない。人名部分は当社の英語表記と同一	本人ページのローマ字と一致（Tessai）	公式サイトに当該言語のページを検出できず（機械判定）。英語表記との一致で代替判定
tomioka-tessai	富岡 鉄斎	collection	清荒神清澄寺鉄斎美術館	富岡鉄斎	館・施設	es	Museo Tessai, Kiyoshikōjin Seichōji	Tessai	C	当該言語の公式表記も英語の公式表記も確認できていない。人名部分は当社の英語表記と同一	本人ページのローマ字と一致（Tessai）	公式サイトに当該言語のページを検出できず（機械判定）。英語表記との一致で代替判定
tomioka-tessai	富岡 鉄斎	collection	清荒神清澄寺鉄斎美術館	富岡鉄斎	館・施設	de	Tessai-Museum, Kiyoshikōjin Seichō-ji	Tessai	C	当該言語の公式表記も英語の公式表記も確認できていない。人名部分は当社の英語表記と同一	本人ページのローマ字と一致（Tessai）	公式サイトに当該言語のページを検出できず（機械判定）。英語表記との一致で代替判定
tomioka-tessai	富岡 鉄斎	masterworks[1]	阿倍仲麿明州望月図	阿倍仲麻呂	作品名	romaji	Abe no Nakamaro Meishū Bōgetsu-zu	Abe no Nakamaro Meishū Bōgetsu-zu	C	作品題名のローマ字表記の根拠（所蔵館・展覧会図録の欧文併記等）は本便では確認していない	題名のローマ字（ヘボン式・T17裁定の対象）。外部の公式表記との照合は本便では未実施	本便では未探索（前便T17のローマ字裁定＝ヘボン式の対象範囲）
tomioka-tessai	富岡 鉄斎	masterworks[1]	阿倍仲麿明州望月図	阿倍仲麻呂	作品名	en	Abe no Nakamaro Gazing at the Moon at Mingzhou	Abe Nakamaro Gazing Moon Mingzhou	C	本便では公式サイトを特定できなかった	当該人物は掲載作家ではない（社内の照合先なし）	Wikidataに該当項目／公式サイトURLの登録なし
yokoyama-taikan	横山 大観	collection	横山大観記念館	横山大観	館・施設	ko	요코야마 다이칸 기념관	요코야마 다이칸 기념관	C	★館の公式サイトに韓国語ページを検出できず、ハングル表記の根拠が確認できない（日本語の読みからの音写と推測されるが未確認）	本人ページにハングル表記の欄が無いため社内照合先なし	Wikidata P856→https://taikan.tokyo/（＋言語切替リンク）を取得し、韓国語ページの有無とハングル表記を全文検索
hishida-shunso	菱田 春草	masterworks[2]	王昭君	王昭君	作品名	romaji	Ō Shōkun	Ō Shōkun	C	作品題名のローマ字表記の根拠（所蔵館・展覧会図録の欧文併記等）は本便では確認していない	題名のローマ字（ヘボン式・T17裁定の対象）。外部の公式表記との照合は本便では未実施	本便では未探索（前便T17のローマ字裁定＝ヘボン式の対象範囲）
hishida-shunso	菱田 春草	masterworks[2]	王昭君	王昭君	作品名	en	Wang Zhaojun	Wang Zhaojun	C	本便では公式サイトを特定できなかった	当該人物は掲載作家ではない（社内の照合先なし）	Wikidataに該当項目／公式サイトURLの登録なし
shimomura-kanzan	下村 観山	masterworks[0]	弱法師	俊徳丸（能の登場人物）	作品名	romaji	Yoroboshi	Yoroboshi	C	作品題名のローマ字表記の根拠（所蔵館・展覧会図録の欧文併記等）は本便では確認していない	題名のローマ字（ヘボン式・T17裁定の対象）。外部の公式表記との照合は本便では未実施	本便では未探索（前便T17のローマ字裁定＝ヘボン式の対象範囲）
shimomura-kanzan	下村 観山	masterworks[0]	弱法師	俊徳丸（能の登場人物）	作品名	en	Yoroboshi (The Blind Beggar-Monk)	Yoroboshi Blind Beggar Monk	C	本便では公式サイトを特定できなかった	当該人物は掲載作家ではない（社内の照合先なし）	Wikidataに該当項目／公式サイトURLの登録なし
yasuda-yukihiko	安田 靫彦	masterworks[1]	飛鳥の春の額田王	額田王	作品名	romaji	Asuka no Haru no Nukata no Ōkimi	Asuka no Haru no Nukata no Ōkimi	C	作品題名のローマ字表記の根拠（所蔵館・展覧会図録の欧文併記等）は本便では確認していない	題名のローマ字（ヘボン式・T17裁定の対象）。外部の公式表記との照合は本便では未実施	本便では未探索（前便T17のローマ字裁定＝ヘボン式の対象範囲）
yasuda-yukihiko	安田 靫彦	masterworks[1]	飛鳥の春の額田王	額田王	作品名	en	Princess Nukata in the Spring of Asuka	Princess Nukata Spring Asuka	C	本便では公式サイトを特定できなかった	当該人物は掲載作家ではない（社内の照合先なし）	Wikidataに該当項目／公式サイトURLの登録なし
yasuda-yukihiko	安田 靫彦	masterworks[2]	五合庵の良寛	良寛	作品名	romaji	Gōgōan no Ryōkan	Gōgōan no Ryōkan	C	作品題名のローマ字表記の根拠（所蔵館・展覧会図録の欧文併記等）は本便では確認していない	題名のローマ字（ヘボン式・T17裁定の対象）。外部の公式表記との照合は本便では未実施	本便では未探索（前便T17のローマ字裁定＝ヘボン式の対象範囲）
yasuda-yukihiko	安田 靫彦	masterworks[2]	五合庵の良寛	良寛	作品名	en	Ryōkan at the Gōgōan Hermitage	Ryōkan Gōgōan Hermitage	C	本便では公式サイトを特定できなかった	当該人物は掲載作家ではない（社内の照合先なし）	Wikidataに該当項目／公式サイトURLの登録なし
maeda-seison	前田 青邨	masterworks[0]	洞窟の頼朝	源頼朝	作品名	romaji	Dōkutsu no Yoritomo	Dōkutsu no Yoritomo	C	作品題名のローマ字表記の根拠（所蔵館・展覧会図録の欧文併記等）は本便では確認していない	題名のローマ字（ヘボン式・T17裁定の対象）。外部の公式表記との照合は本便では未実施	本便では未探索（前便T17のローマ字裁定＝ヘボン式の対象範囲）
maeda-seison	前田 青邨	masterworks[0]	洞窟の頼朝	源頼朝	作品名	en	Yoritomo in a Cave	Yoritomo Cave	C	本便では公式サイトを特定できなかった	当該人物は掲載作家ではない（社内の照合先なし）	Wikidataに該当項目／公式サイトURLの登録なし
maeda-seison	前田 青邨	masterworks[2]	知盛幻生	平知盛	作品名	romaji	Tomomori Gensei	Tomomori Gensei	C	作品題名のローマ字表記の根拠（所蔵館・展覧会図録の欧文併記等）は本便では確認していない	題名のローマ字（ヘボン式・T17裁定の対象）。外部の公式表記との照合は本便では未実施	本便では未探索（前便T17のローマ字裁定＝ヘボン式の対象範囲）
maeda-seison	前田 青邨	masterworks[2]	知盛幻生	平知盛	作品名	en	The Apparition of Tomomori	Apparition Tomomori	C	本便では公式サイトを特定できなかった	当該人物は掲載作家ではない（社内の照合先なし）	Wikidataに該当項目／公式サイトURLの登録なし
kobayashi-kokei	小林 古径	masterworks[1]	清姫	清姫（道成寺伝説）	作品名	romaji	Kiyohime	Kiyohime	C	作品題名のローマ字表記の根拠（所蔵館・展覧会図録の欧文併記等）は本便では確認していない	題名のローマ字（ヘボン式・T17裁定の対象）。外部の公式表記との照合は本便では未実施	本便では未探索（前便T17のローマ字裁定＝ヘボン式の対象範囲）
kobayashi-kokei	小林 古径	masterworks[1]	清姫	清姫（道成寺伝説）	作品名	en	Kiyohime	Kiyohime	C	本便では公式サイトを特定できなかった	当該人物は掲載作家ではない（社内の照合先なし）	Wikidataに該当項目／公式サイトURLの登録なし
hayami-gyoshu	速水 御舟	collection	山種美術館	山崎種二	館・施設	ko	야마타네 미술관	야마타네 미술관	C	★館の公式サイトに韓国語ページを検出できず、ハングル表記の根拠が確認できない（日本語の読みからの音写と推測されるが未確認）	本人ページにハングル表記の欄が無いため社内照合先なし	Wikidata P856→https://www.yamatane-museum.jp/english/（＋言語切替リンク）を取得し、韓国語ページの有無とハングル表記を全文検索
hayami-gyoshu	速水 御舟	collection	山種美術館	山崎種二	館・施設	fr	Musée d'art Yamatane	d'art Yamatane	C	★人名部分の綴りが当社の英語表記（Yamatane）と食い違う（d'art Yamatane）。相違の根拠は確認できない	当該人物は掲載作家ではない（社内の照合先なし）	同一固有名詞の8言語を並べて比較。公式サイトに当該言語のページは検出できず
hayami-gyoshu	速水 御舟	collection	山種美術館	山崎種二	館・施設	es	Museo de Arte Yamatane	Arte Yamatane	C	★人名部分の綴りが当社の英語表記（Yamatane）と食い違う（Arte Yamatane）。相違の根拠は確認できない	当該人物は掲載作家ではない（社内の照合先なし）	同一固有名詞の8言語を並べて比較。公式サイトに当該言語のページは検出できず
kawabata-ryushi	川端 龍子	collection	大田区立龍子記念館	川端龍子	館・施設	en	Ryūshi Memorial Hall of Ōta Ward	Ryūshi	C	公式サイトを取得したが、英語の館名の記載を見つけられなかった	本人ページのローマ字と一致（Ryūshi）	Wikidata P856→https://www.ota-bunka.or.jp/facilities/ryushi（＋言語切替リンク）を取得し全文検索→英名0件
kawabata-ryushi	川端 龍子	collection	大田区立龍子記念館	川端龍子	館・施設	ko	오타구립 류시 기념관	오타구립 류시 기념관	C	★館の公式サイトに韓国語ページを検出できず、ハングル表記の根拠が確認できない（日本語の読みからの音写と推測されるが未確認）	本人ページにハングル表記の欄が無いため社内照合先なし	Wikidata P856→https://www.ota-bunka.or.jp/facilities/ryushi（＋言語切替リンク）を取得し、韓国語ページの有無とハングル表記を全文検索
kawabata-ryushi	川端 龍子	collection	大田区立龍子記念館	川端龍子	館・施設	fr	Mémorial Ryūshi de l'arrondissement d'Ōta	Ryūshi	C	当該言語の公式表記も英語の公式表記も確認できていない。人名部分は当社の英語表記と同一	本人ページのローマ字と一致（Ryūshi）	公式サイト（https://www.ota-bunka.or.jp/facilities/ryushi）に当該言語のページを検出できず（機械判定）。英語表記との一致で代替判定
kawabata-ryushi	川端 龍子	collection	大田区立龍子記念館	川端龍子	館・施設	es	Sala Conmemorativa Ryūshi del distrito de Ōta	Ryūshi	C	当該言語の公式表記も英語の公式表記も確認できていない。人名部分は当社の英語表記と同一	本人ページのローマ字と一致（Ryūshi）	公式サイト（https://www.ota-bunka.or.jp/facilities/ryushi）に当該言語のページを検出できず（機械判定）。英語表記との一致で代替判定
kawabata-ryushi	川端 龍子	collection	大田区立龍子記念館	川端龍子	館・施設	de	Ryūshi-Gedenkhalle des Bezirks Ōta	Ryūshi	C	当該言語の公式表記も英語の公式表記も確認できていない。人名部分は当社の英語表記と同一	本人ページのローマ字と一致（Ryūshi）	公式サイト（https://www.ota-bunka.or.jp/facilities/ryushi）に当該言語のページを検出できず（機械判定）。英語表記との一致で代替判定
takeuchi-seiho	竹内 栖鳳	collection	山種美術館	山崎種二	館・施設	ko	야마타네미술관	야마타네미술관	C	★館の公式サイトに韓国語ページを検出できず、ハングル表記の根拠が確認できない（日本語の読みからの音写と推測されるが未確認）	本人ページにハングル表記の欄が無いため社内照合先なし	Wikidata P856→https://www.yamatane-museum.jp/english/（＋言語切替リンク）を取得し、韓国語ページの有無とハングル表記を全文検索
takeuchi-seiho	竹内 栖鳳	collection	山種美術館	山崎種二	館・施設	fr	musée d'art Yamatane	d'art Yamatane	C	★人名部分の綴りが当社の英語表記（Yamatane）と食い違う（d'art Yamatane）。相違の根拠は確認できない	当該人物は掲載作家ではない（社内の照合先なし）	同一固有名詞の8言語を並べて比較。公式サイトに当該言語のページは検出できず
takeuchi-seiho	竹内 栖鳳	collection	山種美術館	山崎種二	館・施設	es	Museo de Arte Yamatane	Arte Yamatane	C	★人名部分の綴りが当社の英語表記（Yamatane）と食い違う（Arte Yamatane）。相違の根拠は確認できない	当該人物は掲載作家ではない（社内の照合先なし）	同一固有名詞の8言語を並べて比較。公式サイトに当該言語のページは検出できず
uemura-shoen	上村 松園	collection	松伯美術館	上村松園・上村松篁	館・施設	ko	쇼하쿠미술관	쇼하쿠미술관	C	★館の公式サイトに韓国語ページを検出できず、ハングル表記の根拠が確認できない（日本語の読みからの音写と推測されるが未確認）	本人ページにハングル表記の欄が無いため社内照合先なし	Wikidata P856→http://www.kintetsu-g-hd.co.jp/culture/shohaku/（＋言語切替リンク）を取得し、韓国語ページの有無とハングル表記を全文検索
uemura-shoen	上村 松園	collection	松伯美術館	上村松園・上村松篁	館・施設	fr	Musée d'art Shohaku	d'art Shohaku	C	★人名部分の綴りが当社の英語表記（Shohaku）と食い違う（d'art Shohaku）。相違の根拠は確認できない	★本人ページのローマ字（Uemura Shōen / Uemura Shōkō）と語が一致しない	同一固有名詞の8言語を並べて比較。公式サイトに当該言語のページは検出できず
uemura-shoen	上村 松園	collection	松伯美術館	上村松園・上村松篁	館・施設	es	Museo de Arte Shohaku	Arte Shohaku	C	★人名部分の綴りが当社の英語表記（Shohaku）と食い違う（Arte Shohaku）。相違の根拠は確認できない	★本人ページのローマ字（Uemura Shōen / Uemura Shōkō）と語が一致しない	同一固有名詞の8言語を並べて比較。公式サイトに当該言語のページは検出できず
murakami-kagaku	村上 華岳	masterworks[0]	日高河清姫図	清姫（道成寺伝説）	作品名	romaji	Hidakagawa Kiyohime-zu	Hidakagawa Kiyohime-zu	C	作品題名のローマ字表記の根拠（所蔵館・展覧会図録の欧文併記等）は本便では確認していない	題名のローマ字（ヘボン式・T17裁定の対象）。外部の公式表記との照合は本便では未実施	本便では未探索（前便T17のローマ字裁定＝ヘボン式の対象範囲）
murakami-kagaku	村上 華岳	masterworks[0]	日高河清姫図	清姫（道成寺伝説）	作品名	en	Hidaka River: Kiyohime	Hidaka River Kiyohime	C	本便では公式サイトを特定できなかった	当該人物は掲載作家ではない（社内の照合先なし）	Wikidataに該当項目／公式サイトURLの登録なし
ono-chikkyo	小野 竹喬	collection	笠岡市立竹喬美術館	小野竹喬	館・施設	ko	가사오카시립 짓쿄 미술관	가사오카시립 짓쿄 미술관	C	★館の公式サイトに韓国語ページを検出できず、ハングル表記の根拠が確認できない（日本語の読みからの音写と推測されるが未確認）	本人ページにハングル表記の欄が無いため社内照合先なし	Wikidata P856→http://www.city.kasaoka.okayama.jp/site/museum/（＋言語切替リンク）を取得し、韓国語ページの有無とハングル表記を全文検索
domoto-insho	堂本 印象	collection	京都府立堂本印象美術館	堂本印象	館・施設	ko	교토부립 도모토인쇼미술관	교토부립 도모토인쇼미술관	C	★館の公式サイトに韓国語ページを検出できず、ハングル表記の根拠が確認できない（日本語の読みからの音写と推測されるが未確認）	本人ページにハングル表記の欄が無いため社内照合先なし	Wikidata P856→http://insho-domoto.com（＋言語切替リンク）を取得し、韓国語ページの有無とハングル表記を全文検索
domoto-insho	堂本 印象	masterworks[0]	木華開耶媛	木花開耶姫（記紀の神）	作品名	romaji	Konohanasakuya-hime	Konohanasakuya-hime	C	作品題名のローマ字表記の根拠（所蔵館・展覧会図録の欧文併記等）は本便では確認していない	題名のローマ字（ヘボン式・T17裁定の対象）。外部の公式表記との照合は本便では未実施	本便では未探索（前便T17のローマ字裁定＝ヘボン式の対象範囲）
domoto-insho	堂本 印象	masterworks[0]	木華開耶媛	木花開耶姫（記紀の神）	作品名	en	Konohanasakuya-hime	Konohanasakuya hime	C	本便では公式サイトを特定できなかった	当該人物は掲載作家ではない（社内の照合先なし）	Wikidataに該当項目／公式サイトURLの登録なし
nakamura-daizaburo	中村 大三郎	masterworks[1]	聖女マリア	聖母マリア	作品名	romaji	Seijo Maria	Seijo Maria	C	作品題名のローマ字表記の根拠（所蔵館・展覧会図録の欧文併記等）は本便では確認していない	題名のローマ字（ヘボン式・T17裁定の対象）。外部の公式表記との照合は本便では未実施	本便では未探索（前便T17のローマ字裁定＝ヘボン式の対象範囲）
nakamura-daizaburo	中村 大三郎	masterworks[1]	聖女マリア	聖母マリア	作品名	en	The Holy Virgin Mary	Holy Virgin Mary	C	本便では公式サイトを特定できなかった	当該人物は掲載作家ではない（社内の照合先なし）	Wikidataに該当項目／公式サイトURLの登録なし
hashimoto-kansetsu	橋本 関雪	collection	白沙村荘橋本関雪記念館	橋本関雪	館・施設	en	Hakusasonsō Hashimoto Kansetsu Memorial Museum	Hashimoto Kansetsu	C	公式サイトを取得したが、英語の館名の記載を見つけられなかった	本人ページのローマ字と一致（Hashimoto/Kansetsu）	Wikidata P856→http://www.hakusasonso.jp/（＋言語切替リンク）を取得し全文検索→英名0件
hashimoto-kansetsu	橋本 関雪	collection	白沙村荘橋本関雪記念館	橋本関雪	館・施設	ko	하쿠사손소 하시모토 간세쓰 기념관	하쿠사손소 하시모토 간세쓰 기념관	C	★館の公式サイトに韓国語ページを検出できず、ハングル表記の根拠が確認できない（日本語の読みからの音写と推測されるが未確認）	本人ページにハングル表記の欄が無いため社内照合先なし	Wikidata P856→http://www.hakusasonso.jp/（＋言語切替リンク）を取得し、韓国語ページの有無とハングル表記を全文検索
hashimoto-kansetsu	橋本 関雪	collection	白沙村荘橋本関雪記念館	橋本関雪	館・施設	fr	Musée commémoratif Hashimoto Kansetsu (Hakusasonsō)	Hashimoto Kansetsu	C	当該言語の公式表記も英語の公式表記も確認できていない。人名部分は当社の英語表記と同一	本人ページのローマ字と一致（Hashimoto/Kansetsu）	公式サイト（http://www.hakusasonso.jp/）に当該言語のページを検出できず（機械判定）。英語表記との一致で代替判定
hashimoto-kansetsu	橋本 関雪	collection	白沙村荘橋本関雪記念館	橋本関雪	館・施設	es	Museo Conmemorativo Hashimoto Kansetsu (Hakusasonsō)	Hashimoto Kansetsu	C	当該言語の公式表記も英語の公式表記も確認できていない。人名部分は当社の英語表記と同一	本人ページのローマ字と一致（Hashimoto/Kansetsu）	公式サイト（http://www.hakusasonso.jp/）に当該言語のページを検出できず（機械判定）。英語表記との一致で代替判定
hashimoto-kansetsu	橋本 関雪	collection	白沙村荘橋本関雪記念館	橋本関雪	館・施設	de	Hakusasonsō Hashimoto-Kansetsu-Gedenkmuseum	Hashimoto Kansetsu	C	当該言語の公式表記も英語の公式表記も確認できていない。人名部分は当社の英語表記と同一	本人ページのローマ字と一致（Hashimoto/Kansetsu）	公式サイト（http://www.hakusasonso.jp/）に当該言語のページを検出できず（機械判定）。英語表記との一致で代替判定
hashimoto-kansetsu	橋本 関雪	masterworks[0]	寒山拾得	寒山・拾得	作品名	romaji	Kanzan Jittoku	Kanzan Jittoku	C	作品題名のローマ字表記の根拠（所蔵館・展覧会図録の欧文併記等）は本便では確認していない	題名のローマ字（ヘボン式・T17裁定の対象）。外部の公式表記との照合は本便では未実施	本便では未探索（前便T17のローマ字裁定＝ヘボン式の対象範囲）
hashimoto-kansetsu	橋本 関雪	masterworks[0]	寒山拾得	寒山・拾得	作品名	en	Hanshan and Shide	Hanshan Shide	C	本便では公式サイトを特定できなかった	当該人物は掲載作家ではない（社内の照合先なし）	Wikidataに該当項目／公式サイトURLの登録なし
matsubayashi-keigetsu	松林 桂月	masterworks[1]	酔李白図	李白	作品名	romaji	Sui Rihaku-zu	Sui Rihaku-zu	C	作品題名のローマ字表記の根拠（所蔵館・展覧会図録の欧文併記等）は本便では確認していない	題名のローマ字（ヘボン式・T17裁定の対象）。外部の公式表記との照合は本便では未実施	本便では未探索（前便T17のローマ字裁定＝ヘボン式の対象範囲）
matsubayashi-keigetsu	松林 桂月	masterworks[1]	酔李白図	李白	作品名	en	The Drunken Li Bai	Drunken Bai	C	本便では公式サイトを特定できなかった	当該人物は掲載作家ではない（社内の照合先なし）	Wikidataに該当項目／公式サイトURLの登録なし
kitano-tsunetomi	北野 恒富	masterworks[1]	淀君	淀殿（淀君）	作品名	romaji	Yodogimi	Yodogimi	C	作品題名のローマ字表記の根拠（所蔵館・展覧会図録の欧文併記等）は本便では確認していない	題名のローマ字（ヘボン式・T17裁定の対象）。外部の公式表記との照合は本便では未実施	本便では未探索（前便T17のローマ字裁定＝ヘボン式の対象範囲）
kitano-tsunetomi	北野 恒富	masterworks[1]	淀君	淀殿（淀君）	作品名	en	Lady Yodo	Lady Yodo	C	本便では公式サイトを特定できなかった	当該人物は掲載作家ではない（社内の照合先なし）	Wikidataに該当項目／公式サイトURLの登録なし
shima-seien	島 成園	masterworks[1]	宗右衛門町の夕	宗右衛門（町名の由来・当方未確認）	作品名	romaji	Sōemonchō no Yū	Sōemonchō no Yū	C	作品題名のローマ字表記の根拠（所蔵館・展覧会図録の欧文併記等）は本便では確認していない	題名のローマ字（ヘボン式・T17裁定の対象）。外部の公式表記との照合は本便では未実施	本便では未探索（前便T17のローマ字裁定＝ヘボン式の対象範囲）
shima-seien	島 成園	masterworks[1]	宗右衛門町の夕	宗右衛門（町名の由来・当方未確認）	作品名	en	Evening in Sōemonchō	Evening Sōemonchō	C	本便では公式サイトを特定できなかった	当該人物は掲載作家ではない（社内の照合先なし）	Wikidataに該当項目／公式サイトURLの登録なし
kaburaki-kiyokata	鏑木 清方	collection	鎌倉市鏑木清方記念美術館	鏑木清方	館・施設	en	Kaburaki Kiyokata Memorial Art Museum, Kamakura	Kaburaki Kiyokata	C	本便では公式サイトを特定できなかった	本人ページのローマ字と一致（Kaburaki/Kiyokata）	Wikidataに該当項目／公式サイトURLの登録なし
kaburaki-kiyokata	鏑木 清方	collection	鎌倉市鏑木清方記念美術館	鏑木清方	館・施設	ko	가마쿠라시 가부라키 기요카타 기념미술관	가마쿠라시 가부라키 기요카타 기념미술관	C	★館の公式サイトに韓国語ページを検出できず、ハングル表記の根拠が確認できない（日本語の読みからの音写と推測されるが未確認）	本人ページにハングル表記の欄が無いため社内照合先なし	公式サイト未特定
kaburaki-kiyokata	鏑木 清方	collection	鎌倉市鏑木清方記念美術館	鏑木清方	館・施設	fr	Musée commémoratif Kaburaki Kiyokata, Kamakura	Kaburaki Kiyokata	C	当該言語の公式表記も英語の公式表記も確認できていない。人名部分は当社の英語表記と同一	本人ページのローマ字と一致（Kaburaki/Kiyokata）	公式サイトに当該言語のページを検出できず（機械判定）。英語表記との一致で代替判定
kaburaki-kiyokata	鏑木 清方	collection	鎌倉市鏑木清方記念美術館	鏑木清方	館・施設	es	Museo Conmemorativo Kaburaki Kiyokata, Kamakura	Kaburaki Kiyokata	C	当該言語の公式表記も英語の公式表記も確認できていない。人名部分は当社の英語表記と同一	本人ページのローマ字と一致（Kaburaki/Kiyokata）	公式サイトに当該言語のページを検出できず（機械判定）。英語表記との一致で代替判定
kaburaki-kiyokata	鏑木 清方	collection	鎌倉市鏑木清方記念美術館	鏑木清方	館・施設	de	Kaburaki-Kiyokata-Gedenkkunstmuseum, Kamakura	Kaburaki Kiyokata	C	当該言語の公式表記も英語の公式表記も確認できていない。人名部分は当社の英語表記と同一	本人ページのローマ字と一致（Kaburaki/Kiyokata）	公式サイトに当該言語のページを検出できず（機械判定）。英語表記との一致で代替判定
kaburaki-kiyokata	鏑木 清方	masterworks[1]	三遊亭円朝像	三遊亭円朝	作品名	romaji	Sanyūtei Enchō-zō	Sanyūtei Enchō-zō	C	作品題名のローマ字表記の根拠（所蔵館・展覧会図録の欧文併記等）は本便では確認していない	題名のローマ字（ヘボン式・T17裁定の対象）。外部の公式表記との照合は本便では未実施	本便では未探索（前便T17のローマ字裁定＝ヘボン式の対象範囲）
kaburaki-kiyokata	鏑木 清方	masterworks[1]	三遊亭円朝像	三遊亭円朝	作品名	en	Portrait of Sanyūtei Enchō	Portrait Sanyūtei Enchō	C	本便では公式サイトを特定できなかった	当該人物は掲載作家ではない（社内の照合先なし）	Wikidataに該当項目／公式サイトURLの登録なし
kaburaki-kiyokata	鏑木 清方	masterworks[2]	一葉	一葉（当方未特定・樋口一葉の可能性）	作品名	romaji	Ichiyō	Ichiyō	C	作品題名のローマ字表記の根拠（所蔵館・展覧会図録の欧文併記等）は本便では確認していない	題名のローマ字（ヘボン式・T17裁定の対象）。外部の公式表記との照合は本便では未実施	本便では未探索（前便T17のローマ字裁定＝ヘボン式の対象範囲）
kaburaki-kiyokata	鏑木 清方	masterworks[2]	一葉	一葉（当方未特定・樋口一葉の可能性）	作品名	en	Higuchi Ichiyō	Higuchi Ichiyō	C	本便では公式サイトを特定できなかった	当該人物は掲載作家ではない（社内の照合先なし）	Wikidataに該当項目／公式サイトURLの登録なし
kawai-gyokudo	川合 玉堂	collection	玉堂美術館	川合玉堂	館・施設	ko	교쿠도 미술관	교쿠도 미술관	C	★館の公式サイトに韓国語ページを検出できず、ハングル表記の根拠が確認できない（日本語の読みからの音写と推測されるが未確認）	本人ページにハングル表記の欄が無いため社内照合先なし	Wikidata P856→http://www.gyokudo.jp/（＋言語切替リンク）を取得し、韓国語ページの有無とハングル表記を全文検索
katayama-nampu	堅山 南風	masterworks[1]	菊慈童	慈童（能の登場人物）	作品名	romaji	Kiku Jidō	Kiku Jidō	C	作品題名のローマ字表記の根拠（所蔵館・展覧会図録の欧文併記等）は本便では確認していない	題名のローマ字（ヘボン式・T17裁定の対象）。外部の公式表記との照合は本便では未実施	本便では未探索（前便T17のローマ字裁定＝ヘボン式の対象範囲）
katayama-nampu	堅山 南風	masterworks[1]	菊慈童	慈童（能の登場人物）	作品名	en	The Chrysanthemum Boy	Chrysanthemum Boy	C	本便では公式サイトを特定できなかった	当該人物は掲載作家ではない（社内の照合先なし）	Wikidataに該当項目／公式サイトURLの登録なし
yamaguchi-hoshun	山口 蓬春	collection	山口蓬春記念館	山口蓬春	館・施設	ko	야마구치 호슌 기념관	야마구치 호슌 기념관	C	★館の公式サイトに韓国語ページを検出できず、ハングル表記の根拠が確認できない（日本語の読みからの音写と推測されるが未確認）	本人ページにハングル表記の欄が無いため社内照合先なし	Wikidata P856→https://www.hoshun.jp/（＋言語切替リンク）を取得し、韓国語ページの有無とハングル表記を全文検索
fukuda-toyoshiro	福田 豊四郎	masterworks[1]	秋田のマリヤ	聖母マリア	作品名	romaji	Akita no Mariya	Akita no Mariya	C	作品題名のローマ字表記の根拠（所蔵館・展覧会図録の欧文併記等）は本便では確認していない	題名のローマ字（ヘボン式・T17裁定の対象）。外部の公式表記との照合は本便では未実施	本便では未探索（前便T17のローマ字裁定＝ヘボン式の対象範囲）
fukuda-toyoshiro	福田 豊四郎	masterworks[1]	秋田のマリヤ	聖母マリア	作品名	en	Maria of Akita	Maria	C	本便では公式サイトを特定できなかった	当該人物は掲載作家ではない（社内の照合先なし）	Wikidataに該当項目／公式サイトURLの登録なし
higashiyama-kaii	東山 魁夷	collection	長野県立美術館 東山魁夷館	東山魁夷	館・施設	en	Higashiyama Kaii Gallery, Nagano Prefectural Art Museum	Higashiyama Kaii	C	本便では公式サイトを特定できなかった	本人ページのローマ字と一致（Higashiyama/Kaii）	Wikidataに該当項目／公式サイトURLの登録なし
higashiyama-kaii	東山 魁夷	collection	長野県立美術館 東山魁夷館	東山魁夷	館・施設	ko	나가노현립미술관 히가시야마 가이이관	나가노현립미술관 히가시야마 가이이관	C	★館の公式サイトに韓国語ページを検出できず、ハングル表記の根拠が確認できない（日本語の読みからの音写と推測されるが未確認）	本人ページにハングル表記の欄が無いため社内照合先なし	公式サイト未特定
higashiyama-kaii	東山 魁夷	collection	長野県立美術館 東山魁夷館	東山魁夷	館・施設	fr	Galerie Higashiyama Kaii, Musée d'art de la préfecture de Nagano	Higashiyama Kaii	C	当該言語の公式表記も英語の公式表記も確認できていない。人名部分は当社の英語表記と同一	本人ページのローマ字と一致（Higashiyama/Kaii）	公式サイトに当該言語のページを検出できず（機械判定）。英語表記との一致で代替判定
higashiyama-kaii	東山 魁夷	collection	長野県立美術館 東山魁夷館	東山魁夷	館・施設	es	Galería Higashiyama Kaii, Museo de Arte de la Prefectura de Nagano	Higashiyama Kaii	C	当該言語の公式表記も英語の公式表記も確認できていない。人名部分は当社の英語表記と同一	本人ページのローマ字と一致（Higashiyama/Kaii）	公式サイトに当該言語のページを検出できず（機械判定）。英語表記との一致で代替判定
higashiyama-kaii	東山 魁夷	collection	長野県立美術館 東山魁夷館	東山魁夷	館・施設	de	Higashiyama-Kaii-Galerie, Präfekturkunstmuseum Nagano	Higashiyama Kaii	C	当該言語の公式表記も英語の公式表記も確認できていない。人名部分は当社の英語表記と同一	本人ページのローマ字と一致（Higashiyama/Kaii）	公式サイトに当該言語のページを検出できず（機械判定）。英語表記との一致で代替判定
hirayama-ikuo	平山 郁夫	collection	平山郁夫美術館	平山郁夫	館・施設	ko	히라야마 이쿠오 미술관	히라야마 이쿠오 미술관	C	★館の公式サイトに韓国語ページを検出できず、ハングル表記の根拠が確認できない（日本語の読みからの音写と推測されるが未確認）	本人ページにハングル表記の欄が無いため社内照合先なし	Wikidata P856→https://hirayama-museum.or.jp/（＋言語切替リンク）を取得し、韓国語ページの有無とハングル表記を全文検索
hirayama-ikuo	平山 郁夫	collection	平山郁夫シルクロード美術館	平山郁夫	館・施設	en	Hirayama Ikuo Silk Road Museum	Hirayama Ikuo	C	公式サイトを取得したが、英語の館名の記載を見つけられなかった	本人ページのローマ字と一致（Hirayama/Ikuo）	Wikidata P856→https://www.silkroad-museum.jp/（＋言語切替リンク）を取得し全文検索→英名0件
hirayama-ikuo	平山 郁夫	collection	平山郁夫シルクロード美術館	平山郁夫	館・施設	ko	히라야마 이쿠오 실크로드 미술관	히라야마 이쿠오 실크로드 미술관	C	★館の公式サイトに韓国語ページを検出できず、ハングル表記の根拠が確認できない（日本語の読みからの音写と推測されるが未確認）	本人ページにハングル表記の欄が無いため社内照合先なし	Wikidata P856→https://www.silkroad-museum.jp/（＋言語切替リンク）を取得し、韓国語ページの有無とハングル表記を全文検索
hirayama-ikuo	平山 郁夫	collection	平山郁夫シルクロード美術館	平山郁夫	館・施設	fr	Musée de la route de la soie Hirayama Ikuo	Hirayama Ikuo	C	当該言語の公式表記も英語の公式表記も確認できていない。人名部分は当社の英語表記と同一	本人ページのローマ字と一致（Hirayama/Ikuo）	公式サイト（https://www.silkroad-museum.jp/）に当該言語のページを検出できず（機械判定）。英語表記との一致で代替判定
hirayama-ikuo	平山 郁夫	collection	平山郁夫シルクロード美術館	平山郁夫	館・施設	es	Museo de la Ruta de la Seda Hirayama Ikuo	Hirayama Ikuo	C	当該言語の公式表記も英語の公式表記も確認できていない。人名部分は当社の英語表記と同一	本人ページのローマ字と一致（Hirayama/Ikuo）	公式サイト（https://www.silkroad-museum.jp/）に当該言語のページを検出できず（機械判定）。英語表記との一致で代替判定
hirayama-ikuo	平山 郁夫	collection	平山郁夫シルクロード美術館	平山郁夫	館・施設	de	Hirayama-Ikuo-Seidenstraßen-Museum	Hirayama Ikuo	C	当該言語の公式表記も英語の公式表記も確認できていない。人名部分は当社の英語表記と同一	本人ページのローマ字と一致（Hirayama/Ikuo）	公式サイト（https://www.silkroad-museum.jp/）に当該言語のページを検出できず（機械判定）。英語表記との一致で代替判定
moriya-tadashi	守屋 多々志	collection	大垣市守屋多々志美術館	守屋多々志	館・施設	en	Ōgaki City Moriya Tadashi Museum of Art	Moriya Tadashi	C	公式サイトを取得したが、英語の館名の記載を見つけられなかった	本人ページのローマ字と一致（Moriya/Tadashi）	Wikidata P856→https://www.city.ogaki.lg.jp/0000002019.html（＋言語切替リンク）を取得し全文検索→英名0件
moriya-tadashi	守屋 多々志	collection	大垣市守屋多々志美術館	守屋多々志	館・施設	ko	오가키시 모리야 다다시 미술관	오가키시 모리야 다다시 미술관	C	★館の公式サイトに韓国語ページを検出できず、ハングル表記の根拠が確認できない（日本語の読みからの音写と推測されるが未確認）	本人ページにハングル表記の欄が無いため社内照合先なし	Wikidata P856→https://www.city.ogaki.lg.jp/0000002019.html（＋言語切替リンク）を取得し、韓国語ページの有無とハングル表記を全文検索
moriya-tadashi	守屋 多々志	collection	大垣市守屋多々志美術館	守屋多々志	館・施設	fr	Musée d'art Moriya Tadashi de la ville d'Ōgaki	Moriya Tadashi	C	当該言語の公式表記も英語の公式表記も確認できていない。人名部分は当社の英語表記と同一	本人ページのローマ字と一致（Moriya/Tadashi）	公式サイト（https://www.city.ogaki.lg.jp/0000002019.html）に当該言語のページを検出できず（機械判定）。英語表記との一致で代替判定
moriya-tadashi	守屋 多々志	collection	大垣市守屋多々志美術館	守屋多々志	館・施設	es	Museo de Arte Moriya Tadashi de la ciudad de Ōgaki	Moriya Tadashi	C	当該言語の公式表記も英語の公式表記も確認できていない。人名部分は当社の英語表記と同一	本人ページのローマ字と一致（Moriya/Tadashi）	公式サイト（https://www.city.ogaki.lg.jp/0000002019.html）に当該言語のページを検出できず（機械判定）。英語表記との一致で代替判定
moriya-tadashi	守屋 多々志	collection	大垣市守屋多々志美術館	守屋多々志	館・施設	de	Moriya-Tadashi-Kunstmuseum der Stadt Ōgaki	Moriya Tadashi	C	当該言語の公式表記も英語の公式表記も確認できていない。人名部分は当社の英語表記と同一	本人ページのローマ字と一致（Moriya/Tadashi）	公式サイト（https://www.city.ogaki.lg.jp/0000002019.html）に当該言語のページを検出できず（機械判定）。英語表記との一致で代替判定
moriya-tadashi	守屋 多々志	masterworks[1]	慶長使節支倉常長	支倉常長	作品名	romaji	Keichō Shisetsu Hasekura Tsunenaga	Keichō Shisetsu Hasekura Tsunenaga	C	作品題名のローマ字表記の根拠（所蔵館・展覧会図録の欧文併記等）は本便では確認していない	題名のローマ字（ヘボン式・T17裁定の対象）。外部の公式表記との照合は本便では未実施	本便では未探索（前便T17のローマ字裁定＝ヘボン式の対象範囲）
moriya-tadashi	守屋 多々志	masterworks[1]	慶長使節支倉常長	支倉常長	作品名	en	Hasekura Tsunenaga, the Keichō-Era Envoy to Europe	Hasekura Tsunenaga Keichō Era Envoy Europe	C	本便では公式サイトを特定できなかった	当該人物は掲載作家ではない（社内の照合先なし）	Wikidataに該当項目／公式サイトURLの登録なし
akino-fuku	秋野 不矩	collection	浜松市秋野不矩美術館	秋野不矩	館・施設	en	Akino Fuku Museum, Hamamatsu	Akino Fuku	C	公式サイトを取得したが、英語の館名の記載を見つけられなかった	本人ページのローマ字と一致（Akino/Fuku）	Wikidata P856→https://www.city.hamamatsu.shizuoka.jp/akinofuku/index.html（＋言語切替リンク）を取得し全文検索→英名0件
akino-fuku	秋野 不矩	collection	浜松市秋野不矩美術館	秋野不矩	館・施設	ko	하마마쓰시 아키노 후쿠 미술관	하마마쓰시 아키노 후쿠 미술관	C	★館の公式サイトに韓国語ページを検出できず、ハングル表記の根拠が確認できない（日本語の読みからの音写と推測されるが未確認）	本人ページにハングル表記の欄が無いため社内照合先なし	Wikidata P856→https://www.city.hamamatsu.shizuoka.jp/akinofuku/index.html（＋言語切替リンク）を取得し、韓国語ページの有無とハングル表記を全文検索
akino-fuku	秋野 不矩	collection	浜松市秋野不矩美術館	秋野不矩	館・施設	fr	Musée Akino Fuku, Hamamatsu	Akino Fuku	C	当該言語の公式表記も英語の公式表記も確認できていない。人名部分は当社の英語表記と同一	本人ページのローマ字と一致（Akino/Fuku）	公式サイト（https://www.city.hamamatsu.shizuoka.jp/akinofuku/index.html）に当該言語のページを検出できず（機械判定）。英語表記との一致で代替判定
akino-fuku	秋野 不矩	collection	浜松市秋野不矩美術館	秋野不矩	館・施設	es	Museo Akino Fuku, Hamamatsu	Akino Fuku	C	当該言語の公式表記も英語の公式表記も確認できていない。人名部分は当社の英語表記と同一	本人ページのローマ字と一致（Akino/Fuku）	公式サイト（https://www.city.hamamatsu.shizuoka.jp/akinofuku/index.html）に当該言語のページを検出できず（機械判定）。英語表記との一致で代替判定
akino-fuku	秋野 不矩	collection	浜松市秋野不矩美術館	秋野不矩	館・施設	de	Akino-Fuku-Museum, Hamamatsu	Akino Fuku	C	当該言語の公式表記も英語の公式表記も確認できていない。人名部分は当社の英語表記と同一	本人ページのローマ字と一致（Akino/Fuku）	公式サイト（https://www.city.hamamatsu.shizuoka.jp/akinofuku/index.html）に当該言語のページを検出できず（機械判定）。英語表記との一致で代替判定
tanaka-isson	田中 一村	collection	田中一村記念美術館(奄美)	田中一村	館・施設	en	Tanaka Isson Memorial Museum, Amami	Tanaka Isson	C	公式サイトを取得したが、英語の館名の記載を見つけられなかった	本人ページのローマ字と一致（Tanaka/Isson）	Wikidata P856→http://www.amamipark.com/（＋言語切替リンク）を取得し全文検索→英名0件
tanaka-isson	田中 一村	collection	田中一村記念美術館(奄美)	田中一村	館・施設	ko	다나카 잇손 기념미술관(아마미)	다나카 잇손 기념미술관 아마미	C	★館の公式サイトに韓国語ページを検出できず、ハングル表記の根拠が確認できない（日本語の読みからの音写と推測されるが未確認）	本人ページにハングル表記の欄が無いため社内照合先なし	Wikidata P856→http://www.amamipark.com/（＋言語切替リンク）を取得し、韓国語ページの有無とハングル表記を全文検索
tanaka-isson	田中 一村	collection	田中一村記念美術館(奄美)	田中一村	館・施設	fr	Musée mémorial Tanaka Isson, Amami	Tanaka Isson	C	当該言語の公式表記も英語の公式表記も確認できていない。人名部分は当社の英語表記と同一	本人ページのローマ字と一致（Tanaka/Isson）	公式サイト（http://www.amamipark.com/）に当該言語のページを検出できず（機械判定）。英語表記との一致で代替判定
tanaka-isson	田中 一村	collection	田中一村記念美術館(奄美)	田中一村	館・施設	es	Museo Conmemorativo Tanaka Isson, Amami	Tanaka Isson	C	当該言語の公式表記も英語の公式表記も確認できていない。人名部分は当社の英語表記と同一	本人ページのローマ字と一致（Tanaka/Isson）	公式サイト（http://www.amamipark.com/）に当該言語のページを検出できず（機械判定）。英語表記との一致で代替判定
tanaka-isson	田中 一村	collection	田中一村記念美術館(奄美)	田中一村	館・施設	de	Tanaka-Isson-Gedenkmuseum, Amami	Tanaka Isson	C	当該言語の公式表記も英語の公式表記も確認できていない。人名部分は当社の英語表記と同一	本人ページのローマ字と一致（Tanaka/Isson）	公式サイト（http://www.amamipark.com/）に当該言語のページを検出できず（機械判定）。英語表記との一致で代替判定
uemura-shoko	上村 松篁	collection	松伯美術館	上村松園・上村松篁	館・施設	ko	쇼하쿠 미술관	쇼하쿠 미술관	C	★館の公式サイトに韓国語ページを検出できず、ハングル表記の根拠が確認できない（日本語の読みからの音写と推測されるが未確認）	本人ページにハングル表記の欄が無いため社内照合先なし	Wikidata P856→http://www.kintetsu-g-hd.co.jp/culture/shohaku/（＋言語切替リンク）を取得し、韓国語ページの有無とハングル表記を全文検索
uemura-shoko	上村 松篁	collection	松伯美術館	上村松園・上村松篁	館・施設	fr	Musée d'art Shohaku	d'art Shohaku	C	★人名部分の綴りが当社の英語表記（Shohaku）と食い違う（d'art Shohaku）。相違の根拠は確認できない	★本人ページのローマ字（Uemura Shōen / Uemura Shōkō）と語が一致しない	同一固有名詞の8言語を並べて比較。公式サイトに当該言語のページは検出できず
uemura-shoko	上村 松篁	collection	松伯美術館	上村松園・上村松篁	館・施設	es	Museo de Arte Shohaku	Arte Shohaku	C	★人名部分の綴りが当社の英語表記（Shohaku）と食い違う（Arte Shohaku）。相違の根拠は確認できない	★本人ページのローマ字（Uemura Shōen / Uemura Shōkō）と語が一致しない	同一固有名詞の8言語を並べて比較。公式サイトに当該言語のページは検出できず
goto-sumio	後藤 純男	collection	後藤純男美術館(北海道上富良野)	後藤純男	館・施設	en	Gotō Sumio Art Museum (Kamifurano, Hokkaidō)	Gotō Sumio	C	本便では公式サイトを特定できなかった	本人ページのローマ字と一致（Gotō/Sumio）	Wikidataに該当項目／公式サイトURLの登録なし
goto-sumio	後藤 純男	collection	後藤純男美術館(北海道上富良野)	後藤純男	館・施設	ko	고토 스미오 미술관(홋카이도 가미후라노)	고토 스미오 미술관 홋카이도 가미후라노	C	★館の公式サイトに韓国語ページを検出できず、ハングル表記の根拠が確認できない（日本語の読みからの音写と推測されるが未確認）	本人ページにハングル表記の欄が無いため社内照合先なし	公式サイト未特定
goto-sumio	後藤 純男	collection	後藤純男美術館(北海道上富良野)	後藤純男	館・施設	fr	Musée d'art Gotō Sumio (Kamifurano, Hokkaidō)	Gotō Sumio	C	当該言語の公式表記も英語の公式表記も確認できていない。人名部分は当社の英語表記と同一	本人ページのローマ字と一致（Gotō/Sumio）	公式サイトに当該言語のページを検出できず（機械判定）。英語表記との一致で代替判定
goto-sumio	後藤 純男	collection	後藤純男美術館(北海道上富良野)	後藤純男	館・施設	es	Museo de Arte Gotō Sumio (Kamifurano, Hokkaidō)	Gotō Sumio	C	当該言語の公式表記も英語の公式表記も確認できていない。人名部分は当社の英語表記と同一	本人ページのローマ字と一致（Gotō/Sumio）	公式サイトに当該言語のページを検出できず（機械判定）。英語表記との一致で代替判定
goto-sumio	後藤 純男	collection	後藤純男美術館(北海道上富良野)	後藤純男	館・施設	de	Gotō-Sumio-Kunstmuseum (Kamifurano, Hokkaidō)	Gotō Sumio	C	当該言語の公式表記も英語の公式表記も確認できていない。人名部分は当社の英語表記と同一	本人ページのローマ字と一致（Gotō/Sumio）	公式サイトに当該言語のページを検出できず（機械判定）。英語表記との一致で代替判定
maruki-iri	丸木 位里	collection	原爆の図丸木美術館	丸木位里・丸木俊	館・施設	ko	원폭도 마루키 미술관	원폭도 마루키 미술관	C	★館の公式サイトに韓国語ページを検出できず、ハングル表記の根拠が確認できない（日本語の読みからの音写と推測されるが未確認）	本人ページにハングル表記の欄が無いため社内照合先なし	Wikidata P856→https://marukigallery.jp/（＋言語切替リンク）を取得し、韓国語ページの有無とハングル表記を全文検索
maruki-toshi	丸木 俊	collection	原爆の図丸木美術館	丸木位里・丸木俊	館・施設	ko	원폭도 마루키 미술관	원폭도 마루키 미술관	C	★館の公式サイトに韓国語ページを検出できず、ハングル表記の根拠が確認できない（日本語の読みからの音写と推測されるが未確認）	本人ページにハングル表記の欄が無いため社内照合先なし	Wikidata P856→https://marukigallery.jp/（＋言語切替リンク）を取得し、韓国語ページの有無とハングル表記を全文検索
nakamura-masayoshi	中村 正義	collection	中村正義の美術館	中村正義	館・施設	en	Nakamura Masayoshi Museum of Art	Nakamura Masayoshi	C	公式サイトを取得したが、英語の館名の記載を見つけられなかった	本人ページのローマ字と一致（Nakamura/Masayoshi）	Wikidata P856→https://nakamuramasayoshi.com/（＋言語切替リンク）を取得し全文検索→英名0件
nakamura-masayoshi	中村 正義	collection	中村正義の美術館	中村正義	館・施設	ko	나카무라 마사요시 미술관	나카무라 마사요시 미술관	C	★館の公式サイトに韓国語ページを検出できず、ハングル表記の根拠が確認できない（日本語の読みからの音写と推測されるが未確認）	本人ページにハングル表記の欄が無いため社内照合先なし	Wikidata P856→https://nakamuramasayoshi.com/（＋言語切替リンク）を取得し、韓国語ページの有無とハングル表記を全文検索
nakamura-masayoshi	中村 正義	collection	中村正義の美術館	中村正義	館・施設	fr	Musée d'art Nakamura Masayoshi	Nakamura Masayoshi	C	当該言語の公式表記も英語の公式表記も確認できていない。人名部分は当社の英語表記と同一	本人ページのローマ字と一致（Nakamura/Masayoshi）	公式サイト（https://nakamuramasayoshi.com/）に当該言語のページを検出できず（機械判定）。英語表記との一致で代替判定
nakamura-masayoshi	中村 正義	collection	中村正義の美術館	中村正義	館・施設	es	Museo de Arte Nakamura Masayoshi	Nakamura Masayoshi	C	当該言語の公式表記も英語の公式表記も確認できていない。人名部分は当社の英語表記と同一	本人ページのローマ字と一致（Nakamura/Masayoshi）	公式サイト（https://nakamuramasayoshi.com/）に当該言語のページを検出できず（機械判定）。英語表記との一致で代替判定
nakamura-masayoshi	中村 正義	collection	中村正義の美術館	中村正義	館・施設	de	Museum Nakamura Masayoshi	Nakamura Masayoshi	C	当該言語の公式表記も英語の公式表記も確認できていない。人名部分は当社の英語表記と同一	本人ページのローマ字と一致（Nakamura/Masayoshi）	公式サイト（https://nakamuramasayoshi.com/）に当該言語のページを検出できず（機械判定）。英語表記との一致で代替判定
asai-chu	浅井 忠	masterworks[1]	春畝	春畝（当方未特定・伊藤博文の号の可能性）	作品名	romaji	Shunpo	Shunpo	C	作品題名のローマ字表記の根拠（所蔵館・展覧会図録の欧文併記等）は本便では確認していない	題名のローマ字（ヘボン式・T17裁定の対象）。外部の公式表記との照合は本便では未実施	本便では未探索（前便T17のローマ字裁定＝ヘボン式の対象範囲）
asai-chu	浅井 忠	masterworks[1]	春畝	春畝（当方未特定・伊藤博文の号の可能性）	作品名	en	Spring Field Path	Spring Field Path	C	本便では公式サイトを特定できなかった	当該人物は掲載作家ではない（社内の照合先なし）	Wikidataに該当項目／公式サイトURLの登録なし
yamamoto-hosui	山本 芳翠	masterworks[1]	浦島	浦島太郎	作品名	romaji	Urashima	Urashima	C	作品題名のローマ字表記の根拠（所蔵館・展覧会図録の欧文併記等）は本便では確認していない	題名のローマ字（ヘボン式・T17裁定の対象）。外部の公式表記との照合は本便では未実施	本便では未探索（前便T17のローマ字裁定＝ヘボン式の対象範囲）
yamamoto-hosui	山本 芳翠	masterworks[1]	浦島	浦島太郎	作品名	en	Urashima	Urashima	C	本便では公式サイトを特定できなかった	当該人物は掲載作家ではない（社内の照合先なし）	Wikidataに該当項目／公式サイトURLの登録なし
kuroda-seiki	黒田 清輝	collection	黒田記念館	黒田清輝	館・施設	en	Kuroda Memorial Hall	Kuroda	C	公式サイトを取得したが、英語の館名の記載を見つけられなかった	本人ページのローマ字と一致（Kuroda）	Wikidata P856→https://www.tobunken.go.jp/kuroda/（＋言語切替リンク）を取得し全文検索→英名0件
kuroda-seiki	黒田 清輝	collection	黒田記念館	黒田清輝	館・施設	ko	구로다 기념관	구로다 기념관	C	★館の公式サイトに韓国語ページを検出できず、ハングル表記の根拠が確認できない（日本語の読みからの音写と推測されるが未確認）	本人ページにハングル表記の欄が無いため社内照合先なし	Wikidata P856→https://www.tobunken.go.jp/kuroda/（＋言語切替リンク）を取得し、韓国語ページの有無とハングル表記を全文検索
kuroda-seiki	黒田 清輝	collection	黒田記念館	黒田清輝	館・施設	fr	Mémorial Kuroda	Kuroda	C	当該言語の公式表記も英語の公式表記も確認できていない。人名部分は当社の英語表記と同一	本人ページのローマ字と一致（Kuroda）	公式サイト（https://www.tobunken.go.jp/kuroda/）に当該言語のページを検出できず（機械判定）。英語表記との一致で代替判定
kuroda-seiki	黒田 清輝	collection	黒田記念館	黒田清輝	館・施設	es	Sala Conmemorativa Kuroda	Kuroda	C	当該言語の公式表記も英語の公式表記も確認できていない。人名部分は当社の英語表記と同一	本人ページのローマ字と一致（Kuroda）	公式サイト（https://www.tobunken.go.jp/kuroda/）に当該言語のページを検出できず（機械判定）。英語表記との一致で代替判定
kuroda-seiki	黒田 清輝	collection	黒田記念館	黒田清輝	館・施設	de	Kuroda-Gedächtnishalle (Kuroda Kinenkan)	Kuroda Kuroda	C	★人名部分の綴りが当社の英語表記（Kuroda）と食い違う（Kuroda Kuroda）。相違の根拠は確認できない	本人ページのローマ字と一致（Kuroda/Kuroda）	同一固有名詞の8言語を並べて比較。公式サイトに当該言語のページは検出できず
kume-keiichiro	久米 桂一郎	collection	久米美術館	久米桂一郎・久米邦武	館・施設	en	Kume Museum of Art	Kume	C	公式サイトを取得したが、英語の館名の記載を見つけられなかった	本人ページのローマ字と一致（Kume）	Wikidata P856→https://www.kume-museum.com/（＋言語切替リンク）を取得し全文検索→英名0件
kume-keiichiro	久米 桂一郎	collection	久米美術館	久米桂一郎・久米邦武	館・施設	ko	구메 미술관	구메 미술관	C	★館の公式サイトに韓国語ページを検出できず、ハングル表記の根拠が確認できない（日本語の読みからの音写と推測されるが未確認）	本人ページにハングル表記の欄が無いため社内照合先なし	Wikidata P856→https://www.kume-museum.com/（＋言語切替リンク）を取得し、韓国語ページの有無とハングル表記を全文検索
kume-keiichiro	久米 桂一郎	collection	久米美術館	久米桂一郎・久米邦武	館・施設	fr	Musée d'art Kume	Kume	C	当該言語の公式表記も英語の公式表記も確認できていない。人名部分は当社の英語表記と同一	本人ページのローマ字と一致（Kume）	公式サイト（https://www.kume-museum.com/）に当該言語のページを検出できず（機械判定）。英語表記との一致で代替判定
kume-keiichiro	久米 桂一郎	collection	久米美術館	久米桂一郎・久米邦武	館・施設	es	Museo de Arte Kume	Kume	C	当該言語の公式表記も英語の公式表記も確認できていない。人名部分は当社の英語表記と同一	本人ページのローマ字と一致（Kume）	公式サイト（https://www.kume-museum.com/）に当該言語のページを検出できず（機械判定）。英語表記との一致で代替判定
kume-keiichiro	久米 桂一郎	collection	久米美術館	久米桂一郎・久米邦武	館・施設	de	Kume-Kunstmuseum (Kume Bijutsukan)	Kume Kume	C	★人名部分の綴りが当社の英語表記（Kume）と食い違う（Kume Kume）。相違の根拠は確認できない	本人ページのローマ字と一致（Kume/Kume）	同一固有名詞の8言語を並べて比較。公式サイトに当該言語のページは検出できず
nakamura-tsune	中村 彝	collection	中村彝アトリエ記念館	中村彝	館・施設	en	Nakamura Tsune Atelier Memorial Museum	Nakamura Tsune	C	本便では公式サイトを特定できなかった	本人ページのローマ字と一致（Nakamura/Tsune）	Wikidataに該当項目／公式サイトURLの登録なし
nakamura-tsune	中村 彝	collection	中村彝アトリエ記念館	中村彝	館・施設	ko	나카무라 쓰네 아틀리에 기념관	나카무라 쓰네 아틀리에 기념관	C	★館の公式サイトに韓国語ページを検出できず、ハングル表記の根拠が確認できない（日本語の読みからの音写と推測されるが未確認）	本人ページにハングル表記の欄が無いため社内照合先なし	公式サイト未特定
nakamura-tsune	中村 彝	collection	中村彝アトリエ記念館	中村彝	館・施設	fr	Musée mémorial de l'atelier de Nakamura Tsune	Nakamura Tsune	C	当該言語の公式表記も英語の公式表記も確認できていない。人名部分は当社の英語表記と同一	本人ページのローマ字と一致（Nakamura/Tsune）	公式サイトに当該言語のページを検出できず（機械判定）。英語表記との一致で代替判定
nakamura-tsune	中村 彝	collection	中村彝アトリエ記念館	中村彝	館・施設	es	Museo Conmemorativo del Taller de Nakamura Tsune	Nakamura Tsune	C	当該言語の公式表記も英語の公式表記も確認できていない。人名部分は当社の英語表記と同一	本人ページのローマ字と一致（Nakamura/Tsune）	公式サイトに当該言語のページを検出できず（機械判定）。英語表記との一致で代替判定
nakamura-tsune	中村 彝	collection	中村彝アトリエ記念館	中村彝	館・施設	de	Gedenkmuseum Atelier Nakamura Tsune	Nakamura Tsune	C	当該言語の公式表記も英語の公式表記も確認できていない。人名部分は当社の英語表記と同一	本人ページのローマ字と一致（Nakamura/Tsune）	公式サイトに当該言語のページを検出できず（機械判定）。英語表記との一致で代替判定
nakamura-tsune	中村 彝	masterworks[0]	エロシェンコ氏の像	エロシェンコ	作品名	romaji	Erosshenko-shi no zō	Erosshenko-shi no zō	C	作品題名のローマ字表記の根拠（所蔵館・展覧会図録の欧文併記等）は本便では確認していない	題名のローマ字（ヘボン式・T17裁定の対象）。外部の公式表記との照合は本便では未実施	本便では未探索（前便T17のローマ字裁定＝ヘボン式の対象範囲）
nakamura-tsune	中村 彝	masterworks[0]	エロシェンコ氏の像	エロシェンコ	作品名	en	Portrait of Mr. Eroshenko	Portrait Eroshenko	C	本便では公式サイトを特定できなかった	当該人物は掲載作家ではない（社内の照合先なし）	Wikidataに該当項目／公式サイトURLの登録なし
yorozu-tetsugoro	萬 鉄五郎	collection	萬鉄五郎記念美術館	萬鉄五郎	館・施設	en	Yorozu Tetsugorō Memorial Museum of Art	Yorozu Tetsugorō	C	公式サイトを取得したが、英語の館名の記載を見つけられなかった	本人ページのローマ字と一致（Yorozu/Tetsugorō）	Wikidata P856→https://www.city.hanamaki.iwate.jp/bunkasports/bunka/1019887/yorozutetsugoro/1002101.html（＋言語切替リンク）を取得し全文検索→英名0件
yorozu-tetsugoro	萬 鉄五郎	collection	萬鉄五郎記念美術館	萬鉄五郎	館・施設	ko	요로즈 데쓰고로 기념미술관	요로즈 데쓰고로 기념미술관	C	★館の公式サイトに韓国語ページを検出できず、ハングル表記の根拠が確認できない（日本語の読みからの音写と推測されるが未確認）	本人ページにハングル表記の欄が無いため社内照合先なし	Wikidata P856→https://www.city.hanamaki.iwate.jp/bunkasports/bunka/1019887/yorozutetsugoro/1002101.html（＋言語切替リンク）を取得し、韓国語ページの有無とハングル表記を全文検索
yorozu-tetsugoro	萬 鉄五郎	collection	萬鉄五郎記念美術館	萬鉄五郎	館・施設	fr	Musée mémorial d'art Yorozu Tetsugorō	Yorozu Tetsugorō	C	当該言語の公式表記も英語の公式表記も確認できていない。人名部分は当社の英語表記と同一	本人ページのローマ字と一致（Yorozu/Tetsugorō）	公式サイト（https://www.city.hanamaki.iwate.jp/bunkasports/bunka/1019887/yorozutetsugoro/1002101.html）に当該言語のページを検出できず（機械判定）。英語表記との一致で代替判定
yorozu-tetsugoro	萬 鉄五郎	collection	萬鉄五郎記念美術館	萬鉄五郎	館・施設	es	Museo Conmemorativo de Arte Yorozu Tetsugorō	Yorozu Tetsugorō	C	当該言語の公式表記も英語の公式表記も確認できていない。人名部分は当社の英語表記と同一	本人ページのローマ字と一致（Yorozu/Tetsugorō）	公式サイト（https://www.city.hanamaki.iwate.jp/bunkasports/bunka/1019887/yorozutetsugoro/1002101.html）に当該言語のページを検出できず（機械判定）。英語表記との一致で代替判定
yorozu-tetsugoro	萬 鉄五郎	collection	萬鉄五郎記念美術館	萬鉄五郎	館・施設	de	Gedächtnis-Kunstmuseum Yorozu Tetsugorō	Yorozu Tetsugorō	C	当該言語の公式表記も英語の公式表記も確認できていない。人名部分は当社の英語表記と同一	本人ページのローマ字と一致（Yorozu/Tetsugorō）	公式サイト（https://www.city.hanamaki.iwate.jp/bunkasports/bunka/1019887/yorozutetsugoro/1002101.html）に当該言語のページを検出できず（機械判定）。英語表記との一致で代替判定
kishida-ryusei	岸田 劉生	masterworks[0]	麗子像	岸田麗子	作品名	romaji	Reiko-zō	Reiko-zō	C	作品題名のローマ字表記の根拠（所蔵館・展覧会図録の欧文併記等）は本便では確認していない	題名のローマ字（ヘボン式・T17裁定の対象）。外部の公式表記との照合は本便では未実施	本便では未探索（前便T17のローマ字裁定＝ヘボン式の対象範囲）
kishida-ryusei	岸田 劉生	masterworks[0]	麗子像	岸田麗子	作品名	en	Portrait of Reiko	Portrait Reiko	C	本便では公式サイトを特定できなかった	当該人物は掲載作家ではない（社内の照合先なし）	Wikidataに該当項目／公式サイトURLの登録なし
yasui-sotaro	安井 曾太郎	masterworks[2]	玉虫先生	玉虫（人物・未特定）	作品名	romaji	Tamamushi-sensei	Tamamushi-sensei	C	作品題名のローマ字表記の根拠（所蔵館・展覧会図録の欧文併記等）は本便では確認していない	題名のローマ字（ヘボン式・T17裁定の対象）。外部の公式表記との照合は本便では未実施	本便では未探索（前便T17のローマ字裁定＝ヘボン式の対象範囲）
yasui-sotaro	安井 曾太郎	masterworks[2]	玉虫先生	玉虫（人物・未特定）	作品名	en	Professor Tamamushi	Professor Tamamushi	C	本便では公式サイトを特定できなかった	当該人物は掲載作家ではない（社内の照合先なし）	Wikidataに該当項目／公式サイトURLの登録なし
migishi-kotaro	三岸 好太郎	collection	北海道立三岸好太郎美術館	三岸好太郎	館・施設	en	Migishi Kōtarō Museum of Art, Hokkaido	Migishi Kōtarō	C	公式サイトを取得したが、英語の館名の記載を見つけられなかった	本人ページのローマ字と一致（Migishi/Kōtarō）	Wikidata P856→http://www.dokyoi.pref.hokkaido.jp/hk-mikmu/（＋言語切替リンク）を取得し全文検索→英名0件
migishi-kotaro	三岸 好太郎	collection	北海道立三岸好太郎美術館	三岸好太郎	館・施設	ko	홋카이도립 미기시 고타로 미술관	홋카이도립 미기시 고타로 미술관	C	★館の公式サイトに韓国語ページを検出できず、ハングル表記の根拠が確認できない（日本語の読みからの音写と推測されるが未確認）	本人ページにハングル表記の欄が無いため社内照合先なし	Wikidata P856→http://www.dokyoi.pref.hokkaido.jp/hk-mikmu/（＋言語切替リンク）を取得し、韓国語ページの有無とハングル表記を全文検索
migishi-kotaro	三岸 好太郎	collection	北海道立三岸好太郎美術館	三岸好太郎	館・施設	fr	Musée d'art Migishi Kōtarō du Hokkaidō	Migishi Kōtarō	C	当該言語の公式表記も英語の公式表記も確認できていない。人名部分は当社の英語表記と同一	本人ページのローマ字と一致（Migishi/Kōtarō）	公式サイト（http://www.dokyoi.pref.hokkaido.jp/hk-mikmu/）に当該言語のページを検出できず（機械判定）。英語表記との一致で代替判定
migishi-kotaro	三岸 好太郎	collection	北海道立三岸好太郎美術館	三岸好太郎	館・施設	es	Museo de Arte Migishi Kōtarō de Hokkaidō	Migishi Kōtarō	C	当該言語の公式表記も英語の公式表記も確認できていない。人名部分は当社の英語表記と同一	本人ページのローマ字と一致（Migishi/Kōtarō）	公式サイト（http://www.dokyoi.pref.hokkaido.jp/hk-mikmu/）に当該言語のページを検出できず（機械判定）。英語表記との一致で代替判定
migishi-kotaro	三岸 好太郎	collection	北海道立三岸好太郎美術館	三岸好太郎	館・施設	de	Kunstmuseum Migishi Kōtarō, Hokkaidō	Migishi Kōtarō	C	当該言語の公式表記も英語の公式表記も確認できていない。人名部分は当社の英語表記と同一	本人ページのローマ字と一致（Migishi/Kōtarō）	公式サイト（http://www.dokyoi.pref.hokkaido.jp/hk-mikmu/）に当該言語のページを検出できず（機械判定）。英語表記との一致で代替判定
migishi-setsuko	三岸 節子	collection	一宮市三岸節子記念美術館	三岸節子	館・施設	en	Ichinomiya City Migishi Setsuko Memorial Museum of Art	Migishi Setsuko	C	公式サイトを取得したが、英語の館名の記載を見つけられなかった	本人ページのローマ字と一致（Migishi/Setsuko）	Wikidata P856→https://s-migishi.com（＋言語切替リンク）を取得し全文検索→英名0件
migishi-setsuko	三岸 節子	collection	一宮市三岸節子記念美術館	三岸節子	館・施設	ko	이치노미야시 미기시 세쓰코 기념미술관	이치노미야시 미기시 세쓰코 기념미술관	C	★館の公式サイトに韓国語ページを検出できず、ハングル表記の根拠が確認できない（日本語の読みからの音写と推測されるが未確認）	本人ページにハングル表記の欄が無いため社内照合先なし	Wikidata P856→https://s-migishi.com（＋言語切替リンク）を取得し、韓国語ページの有無とハングル表記を全文検索
migishi-setsuko	三岸 節子	collection	一宮市三岸節子記念美術館	三岸節子	館・施設	fr	Musée commémoratif d'art Migishi Setsuko de la ville d'Ichinomiya	Migishi Setsuko	C	当該言語の公式表記も英語の公式表記も確認できていない。人名部分は当社の英語表記と同一	本人ページのローマ字と一致（Migishi/Setsuko）	公式サイト（https://s-migishi.com）に当該言語のページを検出できず（機械判定）。英語表記との一致で代替判定
migishi-setsuko	三岸 節子	collection	一宮市三岸節子記念美術館	三岸節子	館・施設	es	Museo Conmemorativo de Arte Migishi Setsuko de la ciudad de Ichinomiya	Migishi Setsuko	C	当該言語の公式表記も英語の公式表記も確認できていない。人名部分は当社の英語表記と同一	本人ページのローマ字と一致（Migishi/Setsuko）	公式サイト（https://s-migishi.com）に当該言語のページを検出できず（機械判定）。英語表記との一致で代替判定
migishi-setsuko	三岸 節子	collection	一宮市三岸節子記念美術館	三岸節子	館・施設	de	Gedenk-Kunstmuseum Migishi Setsuko der Stadt Ichinomiya	Migishi Setsuko	C	当該言語の公式表記も英語の公式表記も確認できていない。人名部分は当社の英語表記と同一	本人ページのローマ字と一致（Migishi/Setsuko）	公式サイト（https://s-migishi.com）に当該言語のページを検出できず（機械判定）。英語表記との一致で代替判定
nakagawa-kazumasa	中川 一政	collection	真鶴町立中川一政美術館	中川一政	館・施設	en	Manazuru Town Nakagawa Kazumasa Museum of Art	Nakagawa Kazumasa	C	公式サイトを取得したが、英語の館名の記載を見つけられなかった	本人ページのローマ字と一致（Nakagawa/Kazumasa）	Wikidata P856→https://nakagawamuseum.jp/（＋言語切替リンク）を取得し全文検索→英名0件
nakagawa-kazumasa	中川 一政	collection	真鶴町立中川一政美術館	中川一政	館・施設	ko	마나즈루초립 나카가와 가즈마사 미술관	마나즈루초립 나카가와 가즈마사 미술관	C	★館の公式サイトに韓国語ページを検出できず、ハングル表記の根拠が確認できない（日本語の読みからの音写と推測されるが未確認）	本人ページにハングル表記の欄が無いため社内照合先なし	Wikidata P856→https://nakagawamuseum.jp/（＋言語切替リンク）を取得し、韓国語ページの有無とハングル表記を全文検索
nakagawa-kazumasa	中川 一政	collection	真鶴町立中川一政美術館	中川一政	館・施設	fr	Musée d'art Nakagawa Kazumasa de la ville de Manazuru	Nakagawa Kazumasa	C	当該言語の公式表記も英語の公式表記も確認できていない。人名部分は当社の英語表記と同一	本人ページのローマ字と一致（Nakagawa/Kazumasa）	公式サイト（https://nakagawamuseum.jp/）に当該言語のページを検出できず（機械判定）。英語表記との一致で代替判定
nakagawa-kazumasa	中川 一政	collection	真鶴町立中川一政美術館	中川一政	館・施設	es	Museo de Arte Nakagawa Kazumasa de la localidad de Manazuru	Nakagawa Kazumasa	C	当該言語の公式表記も英語の公式表記も確認できていない。人名部分は当社の英語表記と同一	本人ページのローマ字と一致（Nakagawa/Kazumasa）	公式サイト（https://nakagawamuseum.jp/）に当該言語のページを検出できず（機械判定）。英語表記との一致で代替判定
nakagawa-kazumasa	中川 一政	collection	真鶴町立中川一政美術館	中川一政	館・施設	de	Kunstmuseum Nakagawa Kazumasa der Stadt Manazuru	Nakagawa Kazumasa	C	当該言語の公式表記も英語の公式表記も確認できていない。人名部分は当社の英語表記と同一	本人ページのローマ字と一致（Nakagawa/Kazumasa）	公式サイト（https://nakagawamuseum.jp/）に当該言語のページを検出できず（機械判定）。英語表記との一致で代替判定
fukuzawa-ichiro	福沢 一郎	collection	富岡市立美術博物館・福沢一郎記念美術館	福沢一郎	館・施設	en	Tomioka City Museum of Art / Fukuzawa Ichirō Memorial Gallery	Fukuzawa Ichirō	C	公式サイトを取得したが、英語の館名の記載を見つけられなかった	本人ページのローマ字と一致（Fukuzawa/Ichirō）	Wikidata P856→https://www.city.tomioka.lg.jp/www/genre/0000000000000/1387242529968/（＋言語切替リンク）を取得し全文検索→英名0件
fukuzawa-ichiro	福沢 一郎	collection	富岡市立美術博物館・福沢一郎記念美術館	福沢一郎	館・施設	ko	도미오카시립미술박물관·후쿠자와 이치로 기념미술관	도미오카시립미술박물관 후쿠자와 이치로 기념미술관	C	★館の公式サイトに韓国語ページを検出できず、ハングル表記の根拠が確認できない（日本語の読みからの音写と推測されるが未確認）	本人ページにハングル表記の欄が無いため社内照合先なし	Wikidata P856→https://www.city.tomioka.lg.jp/www/genre/0000000000000/1387242529968/（＋言語切替リンク）を取得し、韓国語ページの有無とハングル表記を全文検索
fukuzawa-ichiro	福沢 一郎	collection	富岡市立美術博物館・福沢一郎記念美術館	福沢一郎	館・施設	fr	Musée d'art de la ville de Tomioka / Galerie commémorative Fukuzawa Ichirō	Fukuzawa Ichirō	C	当該言語の公式表記も英語の公式表記も確認できていない。人名部分は当社の英語表記と同一	本人ページのローマ字と一致（Fukuzawa/Ichirō）	公式サイト（https://www.city.tomioka.lg.jp/www/genre/0000000000000/1387242529968/）に当該言語のページを検出できず（機械判定）。英語表記との一致で代替判定
fukuzawa-ichiro	福沢 一郎	collection	富岡市立美術博物館・福沢一郎記念美術館	福沢一郎	館・施設	es	Museo de Arte de la ciudad de Tomioka / Galería Conmemorativa Fukuzawa Ichirō	Fukuzawa Ichirō	C	当該言語の公式表記も英語の公式表記も確認できていない。人名部分は当社の英語表記と同一	本人ページのローマ字と一致（Fukuzawa/Ichirō）	公式サイト（https://www.city.tomioka.lg.jp/www/genre/0000000000000/1387242529968/）に当該言語のページを検出できず（機械判定）。英語表記との一致で代替判定
fukuzawa-ichiro	福沢 一郎	collection	富岡市立美術博物館・福沢一郎記念美術館	福沢一郎	館・施設	de	Städtisches Kunst- und Geschichtsmuseum Tomioka / Gedächtnisgalerie Fukuzawa Ichirō	Fukuzawa Ichirō	C	当該言語の公式表記も英語の公式表記も確認できていない。人名部分は当社の英語表記と同一	本人ページのローマ字と一致（Fukuzawa/Ichirō）	公式サイト（https://www.city.tomioka.lg.jp/www/genre/0000000000000/1387242529968/）に当該言語のページを検出できず（機械判定）。英語表記との一致で代替判定
koiso-ryohei	小磯 良平	collection	神戸市立小磯記念美術館	小磯良平	館・施設	en	Kobe City Koiso Memorial Museum of Art	Koiso	C	公式サイトを取得したが、英語の館名の記載を見つけられなかった	本人ページのローマ字と一致（Koiso）	Wikidata P856→https://www.city.kobe.lg.jp/kanko/bunka/bunkashisetsu/koisogallery/（＋言語切替リンク）を取得し全文検索→英名0件
koiso-ryohei	小磯 良平	collection	神戸市立小磯記念美術館	小磯良平	館・施設	ko	고베시립 고이소 기념미술관	고베시립 고이소 기념미술관	C	★館の公式サイトに韓国語ページを検出できず、ハングル表記の根拠が確認できない（日本語の読みからの音写と推測されるが未確認）	本人ページにハングル表記の欄が無いため社内照合先なし	Wikidata P856→https://www.city.kobe.lg.jp/kanko/bunka/bunkashisetsu/koisogallery/（＋言語切替リンク）を取得し、韓国語ページの有無とハングル表記を全文検索
koiso-ryohei	小磯 良平	collection	神戸市立小磯記念美術館	小磯良平	館・施設	fr	Musée commémoratif d'art Koiso de la ville de Kobe	Koiso	C	当該言語の公式表記も英語の公式表記も確認できていない。人名部分は当社の英語表記と同一	本人ページのローマ字と一致（Koiso）	公式サイト（https://www.city.kobe.lg.jp/kanko/bunka/bunkashisetsu/koisogallery/）に当該言語のページを検出できず（機械判定）。英語表記との一致で代替判定
koiso-ryohei	小磯 良平	collection	神戸市立小磯記念美術館	小磯良平	館・施設	es	Museo Conmemorativo de Arte Koiso de la ciudad de Kobe	Koiso	C	当該言語の公式表記も英語の公式表記も確認できていない。人名部分は当社の英語表記と同一	本人ページのローマ字と一致（Koiso）	公式サイト（https://www.city.kobe.lg.jp/kanko/bunka/bunkashisetsu/koisogallery/）に当該言語のページを検出できず（機械判定）。英語表記との一致で代替判定
koiso-ryohei	小磯 良平	collection	神戸市立小磯記念美術館	小磯良平	館・施設	de	Städtisches Koiso-Gedächtnis-Kunstmuseum Kobe	Koiso	C	当該言語の公式表記も英語の公式表記も確認できていない。人名部分は当社の英語表記と同一	本人ページのローマ字と一致（Koiso）	公式サイト（https://www.city.kobe.lg.jp/kanko/bunka/bunkashisetsu/koisogallery/）に当該言語のページを検出できず（機械判定）。英語表記との一致で代替判定
inokuma-genichiro	猪熊 弦一郎	collection	丸亀市猪熊弦一郎現代美術館	猪熊弦一郎	館・施設	ko	마루가메시 이노쿠마 겐이치로 현대미술관	마루가메시 이노쿠마 겐이치로 현대미술관	C	★館の公式サイトに韓国語ページを検出できず、ハングル表記の根拠が確認できない（日本語の読みからの音写と推測されるが未確認）	本人ページにハングル表記の欄が無いため社内照合先なし	Wikidata P856→https://www.mimoca.org/（＋言語切替リンク）を取得し、韓国語ページの有無とハングル表記を全文検索
wakita-kazu	脇田 和	collection	軽井沢脇田美術館	脇田和	館・施設	en	Karuizawa Wakita Museum	Wakita	C	本便では公式サイトを特定できなかった	本人ページのローマ字と一致（Wakita）	Wikidataに該当項目／公式サイトURLの登録なし
wakita-kazu	脇田 和	collection	軽井沢脇田美術館	脇田和	館・施設	ko	가루이자와 와키타 미술관	가루이자와 와키타 미술관	C	★館の公式サイトに韓国語ページを検出できず、ハングル表記の根拠が確認できない（日本語の読みからの音写と推測されるが未確認）	本人ページにハングル表記の欄が無いため社内照合先なし	公式サイト未特定
wakita-kazu	脇田 和	collection	軽井沢脇田美術館	脇田和	館・施設	fr	Musée Wakita de Karuizawa	Wakita	C	当該言語の公式表記も英語の公式表記も確認できていない。人名部分は当社の英語表記と同一	本人ページのローマ字と一致（Wakita）	公式サイトに当該言語のページを検出できず（機械判定）。英語表記との一致で代替判定
wakita-kazu	脇田 和	collection	軽井沢脇田美術館	脇田和	館・施設	es	Museo Wakita de Karuizawa	Wakita	C	当該言語の公式表記も英語の公式表記も確認できていない。人名部分は当社の英語表記と同一	本人ページのローマ字と一致（Wakita）	公式サイトに当該言語のページを検出できず（機械判定）。英語表記との一致で代替判定
wakita-kazu	脇田 和	collection	軽井沢脇田美術館	脇田和	館・施設	de	Karuizawa-Wakita-Kunstmuseum	Wakita	C	当該言語の公式表記も英語の公式表記も確認できていない。人名部分は当社の英語表記と同一	本人ページのローマ字と一致（Wakita）	公式サイトに当該言語のページを検出できず（機械判定）。英語表記との一致で代替判定
oguiss-takanori	荻須 高徳	collection	稲沢市荻須記念美術館	荻須高徳	館・施設	en	Inazawa City Oguiss Memorial Art Museum	Oguiss	C	公式サイトを取得したが、英語の館名の記載を見つけられなかった	本人ページのローマ字と一致（Oguiss）	Wikidata P856→https://www.city.inazawa.aichi.jp/museum（＋言語切替リンク）を取得し全文検索→英名0件
oguiss-takanori	荻須 高徳	collection	稲沢市荻須記念美術館	荻須高徳	館・施設	ko	이나자와시 오기스 기념미술관	이나자와시 오기스 기념미술관	C	★館の公式サイトに韓国語ページを検出できず、ハングル表記の根拠が確認できない（日本語の読みからの音写と推測されるが未確認）	本人ページにハングル表記の欄が無いため社内照合先なし	Wikidata P856→https://www.city.inazawa.aichi.jp/museum（＋言語切替リンク）を取得し、韓国語ページの有無とハングル表記を全文検索
oguiss-takanori	荻須 高徳	collection	稲沢市荻須記念美術館	荻須高徳	館・施設	fr	Musée mémorial Oguiss de la ville d'Inazawa	Oguiss	C	当該言語の公式表記も英語の公式表記も確認できていない。人名部分は当社の英語表記と同一	本人ページのローマ字と一致（Oguiss）	公式サイト（https://www.city.inazawa.aichi.jp/museum）に当該言語のページを検出できず（機械判定）。英語表記との一致で代替判定
oguiss-takanori	荻須 高徳	collection	稲沢市荻須記念美術館	荻須高徳	館・施設	es	Museo Conmemorativo Oguiss de la ciudad de Inazawa	Oguiss	C	当該言語の公式表記も英語の公式表記も確認できていない。人名部分は当社の英語表記と同一	本人ページのローマ字と一致（Oguiss）	公式サイト（https://www.city.inazawa.aichi.jp/museum）に当該言語のページを検出できず（機械判定）。英語表記との一致で代替判定
oguiss-takanori	荻須 高徳	collection	稲沢市荻須記念美術館	荻須高徳	館・施設	de	Städtisches Oguiss-Gedächtnis-Kunstmuseum Inazawa	Oguiss	C	当該言語の公式表記も英語の公式表記も確認できていない。人名部分は当社の英語表記と同一	本人ページのローマ字と一致（Oguiss）	公式サイト（https://www.city.inazawa.aichi.jp/museum）に当該言語のページを検出できず（機械判定）。英語表記との一致で代替判定
kazuki-yasuo	香月 泰男	collection	香月泰男美術館	香月泰男	館・施設	en	Kazuki Yasuo Museum	Kazuki Yasuo	C	公式サイトを取得したが、英語の館名の記載を見つけられなかった	本人ページのローマ字と一致（Kazuki/Yasuo）	Wikidata P856→https://kazukiyasuo.com（＋言語切替リンク）を取得し全文検索→英名0件
kazuki-yasuo	香月 泰男	collection	香月泰男美術館	香月泰男	館・施設	ko	가즈키 야스오 미술관	가즈키 야스오 미술관	C	★館の公式サイトに韓国語ページを検出できず、ハングル表記の根拠が確認できない（日本語の読みからの音写と推測されるが未確認）	本人ページにハングル表記の欄が無いため社内照合先なし	Wikidata P856→https://kazukiyasuo.com（＋言語切替リンク）を取得し、韓国語ページの有無とハングル表記を全文検索
kazuki-yasuo	香月 泰男	collection	香月泰男美術館	香月泰男	館・施設	fr	musée Kazuki Yasuo	Kazuki Yasuo	C	当該言語の公式表記も英語の公式表記も確認できていない。人名部分は当社の英語表記と同一	本人ページのローマ字と一致（Kazuki/Yasuo）	公式サイト（https://kazukiyasuo.com）に当該言語のページを検出できず（機械判定）。英語表記との一致で代替判定
kazuki-yasuo	香月 泰男	collection	香月泰男美術館	香月泰男	館・施設	es	Museo Kazuki Yasuo	Kazuki Yasuo	C	当該言語の公式表記も英語の公式表記も確認できていない。人名部分は当社の英語表記と同一	本人ページのローマ字と一致（Kazuki/Yasuo）	公式サイト（https://kazukiyasuo.com）に当該言語のページを検出できず（機械判定）。英語表記との一致で代替判定
kazuki-yasuo	香月 泰男	collection	香月泰男美術館	香月泰男	館・施設	de	Kunstmuseum Kazuki Yasuo	Kazuki Yasuo	C	当該言語の公式表記も英語の公式表記も確認できていない。人名部分は当社の英語表記と同一	本人ページのローマ字と一致（Kazuki/Yasuo）	公式サイト（https://kazukiyasuo.com）に当該言語のページを検出できず（機械判定）。英語表記との一致で代替判定
miyamoto-saburo	宮本 三郎	collection	小松市立宮本三郎美術館	宮本三郎	館・施設	en	Komatsu City Miyamoto Saburō Museum of Art	Miyamoto Saburō	C	公式サイトを取得したが、英語の館名の記載を見つけられなかった	本人ページのローマ字と一致（Miyamoto/Saburō）	Wikidata P856→https://www.city.komatsu.lg.jp/kanko_bunka/4/1/index.html（＋言語切替リンク）を取得し全文検索→英名0件
miyamoto-saburo	宮本 三郎	collection	小松市立宮本三郎美術館	宮本三郎	館・施設	ko	고마쓰시립 미야모토 사부로 미술관	고마쓰시립 미야모토 사부로 미술관	C	★館の公式サイトに韓国語ページを検出できず、ハングル表記の根拠が確認できない（日本語の読みからの音写と推測されるが未確認）	本人ページにハングル表記の欄が無いため社内照合先なし	Wikidata P856→https://www.city.komatsu.lg.jp/kanko_bunka/4/1/index.html（＋言語切替リンク）を取得し、韓国語ページの有無とハングル表記を全文検索
miyamoto-saburo	宮本 三郎	collection	小松市立宮本三郎美術館	宮本三郎	館・施設	fr	Musée d'art Miyamoto Saburō de la ville de Komatsu	Miyamoto Saburō	C	当該言語の公式表記も英語の公式表記も確認できていない。人名部分は当社の英語表記と同一	本人ページのローマ字と一致（Miyamoto/Saburō）	公式サイト（https://www.city.komatsu.lg.jp/kanko_bunka/4/1/index.html）に当該言語のページを検出できず（機械判定）。英語表記との一致で代替判定
miyamoto-saburo	宮本 三郎	collection	小松市立宮本三郎美術館	宮本三郎	館・施設	es	Museo de Arte Miyamoto Saburō de la ciudad de Komatsu	Miyamoto Saburō	C	当該言語の公式表記も英語の公式表記も確認できていない。人名部分は当社の英語表記と同一	本人ページのローマ字と一致（Miyamoto/Saburō）	公式サイト（https://www.city.komatsu.lg.jp/kanko_bunka/4/1/index.html）に当該言語のページを検出できず（機械判定）。英語表記との一致で代替判定
miyamoto-saburo	宮本 三郎	collection	小松市立宮本三郎美術館	宮本三郎	館・施設	de	Städtisches Kunstmuseum Miyamoto Saburō Komatsu	Miyamoto Saburō	C	当該言語の公式表記も英語の公式表記も確認できていない。人名部分は当社の英語表記と同一	本人ページのローマ字と一致（Miyamoto/Saburō）	公式サイト（https://www.city.komatsu.lg.jp/kanko_bunka/4/1/index.html）に当該言語のページを検出できず（機械判定）。英語表記との一致で代替判定
miyamoto-saburo	宮本 三郎	masterworks[1]	ジャンヌ・ダルク	ジャンヌ・ダルク	作品名	romaji	Jannu Daruku	Jannu Daruku	C	作品題名のローマ字表記の根拠（所蔵館・展覧会図録の欧文併記等）は本便では確認していない	題名のローマ字（ヘボン式・T17裁定の対象）。外部の公式表記との照合は本便では未実施	本便では未探索（前便T17のローマ字裁定＝ヘボン式の対象範囲）
miyamoto-saburo	宮本 三郎	masterworks[1]	ジャンヌ・ダルク	ジャンヌ・ダルク	作品名	en	Joan of Arc	Joan Arc	C	本便では公式サイトを特定できなかった	当該人物は掲載作家ではない（社内の照合先なし）	Wikidataに該当項目／公式サイトURLの登録なし
koyama-keizo	小山 敬三	collection	小山敬三美術館	小山敬三	館・施設	en	Koyama Keizō Museum of Art	Koyama Keizō	C	公式サイトを取得したが、英語の館名の記載を見つけられなかった	本人ページのローマ字と一致（Koyama/Keizō）	Wikidata P856→https://www.city.komoro.lg.jp/soshikikarasagasu/kyoikuiinkaijimukyoku/bunkazai_shogaigakushuka/4/2/2/（＋言語切替リンク）を取得し全文検索→英名0件
koyama-keizo	小山 敬三	collection	小山敬三美術館	小山敬三	館・施設	ko	고야마 게이조 미술관	고야마 게이조 미술관	C	★館の公式サイトに韓国語ページを検出できず、ハングル表記の根拠が確認できない（日本語の読みからの音写と推測されるが未確認）	本人ページにハングル表記の欄が無いため社内照合先なし	Wikidata P856→https://www.city.komoro.lg.jp/soshikikarasagasu/kyoikuiinkaijimukyoku/bunkazai_shogaigakushuka/4/2/2/（＋言語切替リンク）を取得し、韓国語ページの有無とハングル表記を全文検索
koyama-keizo	小山 敬三	collection	小山敬三美術館	小山敬三	館・施設	fr	Musée d'art Koyama Keizō	Koyama Keizō	C	当該言語の公式表記も英語の公式表記も確認できていない。人名部分は当社の英語表記と同一	本人ページのローマ字と一致（Koyama/Keizō）	公式サイト（https://www.city.komoro.lg.jp/soshikikarasagasu/kyoikuiinkaijimukyoku/bunkazai_shogaigakushuka/4/2/2/）に当該言語のページを検出できず（機械判定）。英語表記との一致で代替判定
koyama-keizo	小山 敬三	collection	小山敬三美術館	小山敬三	館・施設	es	Museo de Arte Koyama Keizō	Koyama Keizō	C	当該言語の公式表記も英語の公式表記も確認できていない。人名部分は当社の英語表記と同一	本人ページのローマ字と一致（Koyama/Keizō）	公式サイト（https://www.city.komoro.lg.jp/soshikikarasagasu/kyoikuiinkaijimukyoku/bunkazai_shogaigakushuka/4/2/2/）に当該言語のページを検出できず（機械判定）。英語表記との一致で代替判定
koyama-keizo	小山 敬三	collection	小山敬三美術館	小山敬三	館・施設	de	Kunstmuseum Koyama Keizō	Koyama Keizō	C	当該言語の公式表記も英語の公式表記も確認できていない。人名部分は当社の英語表記と同一	本人ページのローマ字と一致（Koyama/Keizō）	公式サイト（https://www.city.komoro.lg.jp/soshikikarasagasu/kyoikuiinkaijimukyoku/bunkazai_shogaigakushuka/4/2/2/）に当該言語のページを検出できず（機械判定）。英語表記との一致で代替判定
kumagai-morikazu	熊谷 守一	collection	豊島区立熊谷守一美術館	熊谷守一	館・施設	ko	도시마구립 구마가이 모리카즈 미술관	도시마구립 구마가이 모리카즈 미술관	C	★館の公式サイトに韓国語ページを検出できず、ハングル表記の根拠が確認できない（日本語の読みからの音写と推測されるが未確認）	本人ページにハングル表記の欄が無いため社内照合先なし	Wikidata P856→http://kumagai-morikazu.jp/（＋言語切替リンク）を取得し、韓国語ページの有無とハングル表記を全文検索
hayashi-shizue	林 倭衛	masterworks[1]	ニコライ堂	ニコライ（日本正教会大主教）	作品名	romaji	Nikorai-dō	Nikorai-dō	C	作品題名のローマ字表記の根拠（所蔵館・展覧会図録の欧文併記等）は本便では確認していない	題名のローマ字（ヘボン式・T17裁定の対象）。外部の公式表記との照合は本便では未実施	本便では未探索（前便T17のローマ字裁定＝ヘボン式の対象範囲）
hayashi-shizue	林 倭衛	masterworks[1]	ニコライ堂	ニコライ（日本正教会大主教）	作品名	en	Nikolai Cathedral	Nikolai Cathedral	C	本便では公式サイトを特定できなかった	当該人物は掲載作家ではない（社内の照合先なし）	Wikidataに該当項目／公式サイトURLの登録なし
hazama-inosuke	硲 伊之助	masterworks[0]	二人麗子	岸田麗子	作品名	romaji	Futari Reiko	Futari Reiko	C	作品題名のローマ字表記の根拠（所蔵館・展覧会図録の欧文併記等）は本便では確認していない	題名のローマ字（ヘボン式・T17裁定の対象）。外部の公式表記との照合は本便では未実施	本便では未探索（前便T17のローマ字裁定＝ヘボン式の対象範囲）
hazama-inosuke	硲 伊之助	masterworks[0]	二人麗子	岸田麗子	作品名	en	Two Reiko	Two Reiko	C	本便では公式サイトを特定できなかった	当該人物は掲載作家ではない（社内の照合先なし）	Wikidataに該当項目／公式サイトURLの登録なし
yamaguchi-kaoru	山口 薫	masterworks[1]	花子誕生	花子（人名・当方未特定）	作品名	romaji	Hanako Tanjō	Hanako Tanjō	C	作品題名のローマ字表記の根拠（所蔵館・展覧会図録の欧文併記等）は本便では確認していない	題名のローマ字（ヘボン式・T17裁定の対象）。外部の公式表記との照合は本便では未実施	本便では未探索（前便T17のローマ字裁定＝ヘボン式の対象範囲）
yamaguchi-kaoru	山口 薫	masterworks[1]	花子誕生	花子（人名・当方未特定）	作品名	en	The Birth of Hanako	Birth Hanako	C	本便では公式サイトを特定できなかった	当該人物は掲載作家ではない（社内の照合先なし）	Wikidataに該当項目／公式サイトURLの登録なし
tanaka-yasushi	田中 保	masterworks[1]	ソリタ・ソラノの肖像	ソリタ・ソラノ	作品名	romaji	Sorita Sorano no Shōzō	Sorita Sorano no Shōzō	C	作品題名のローマ字表記の根拠（所蔵館・展覧会図録の欧文併記等）は本便では確認していない	題名のローマ字（ヘボン式・T17裁定の対象）。外部の公式表記との照合は本便では未実施	本便では未探索（前便T17のローマ字裁定＝ヘボン式の対象範囲）
tanaka-yasushi	田中 保	masterworks[1]	ソリタ・ソラノの肖像	ソリタ・ソラノ	作品名	en	Portrait of Solita Solano	Portrait Solita Solano	C	本便では公式サイトを特定できなかった	当該人物は掲載作家ではない（社内の照合先なし）	Wikidataに該当項目／公式サイトURLの登録なし
hidai-tenrai	比田井 天来	collection	佐久市立天来記念館	比田井天来	館・施設	en	Saku Municipal Tenrai Memorial Museum	Tenrai	C	公式サイトを取得したが、英語の館名の記載を見つけられなかった	本人ページのローマ字と一致（Tenrai）	Wikidata P856→http://www.city.saku.nagano.jp/shisetsu/sakubun/tenraikinenkan/（＋言語切替リンク）を取得し全文検索→英名0件
hidai-tenrai	比田井 天来	collection	佐久市立天来記念館	比田井天来	館・施設	ko	사쿠 시립 덴라이 기념관	사쿠 시립 덴라이 기념관	C	★館の公式サイトに韓国語ページを検出できず、ハングル表記の根拠が確認できない（日本語の読みからの音写と推測されるが未確認）	本人ページにハングル表記の欄が無いため社内照合先なし	Wikidata P856→http://www.city.saku.nagano.jp/shisetsu/sakubun/tenraikinenkan/（＋言語切替リンク）を取得し、韓国語ページの有無とハングル表記を全文検索
hidai-tenrai	比田井 天来	collection	佐久市立天来記念館	比田井天来	館・施設	fr	Musée commémoratif Tenrai de la ville de Saku	Tenrai	C	当該言語の公式表記も英語の公式表記も確認できていない。人名部分は当社の英語表記と同一	本人ページのローマ字と一致（Tenrai）	公式サイト（http://www.city.saku.nagano.jp/shisetsu/sakubun/tenraikinenkan/）に当該言語のページを検出できず（機械判定）。英語表記との一致で代替判定
hidai-tenrai	比田井 天来	collection	佐久市立天来記念館	比田井天来	館・施設	es	Museo Conmemorativo Tenrai de la ciudad de Saku	Tenrai	C	当該言語の公式表記も英語の公式表記も確認できていない。人名部分は当社の英語表記と同一	本人ページのローマ字と一致（Tenrai）	公式サイト（http://www.city.saku.nagano.jp/shisetsu/sakubun/tenraikinenkan/）に当該言語のページを検出できず（機械判定）。英語表記との一致で代替判定
hidai-tenrai	比田井 天来	collection	佐久市立天来記念館	比田井天来	館・施設	de	Städtisches Tenrai-Gedächtnismuseum Saku (佐久市立天来記念館; Saku Shiritsu Tenrai Kinenkan)	Tenrai Tenrai	C	★人名部分の綴りが当社の英語表記（Tenrai）と食い違う（Tenrai Tenrai）。相違の根拠は確認できない	本人ページのローマ字と一致（Tenrai/Tenrai）	同一固有名詞の8言語を並べて比較。公式サイトに当該言語のページは検出できず
bundo-shunkai	豊道 春海	groups	瑞雲書道会	（会名の「瑞雲」＝人物号の可能性・未確認）	団体・流派	en	Zuiun Calligraphy Society	Zuiun Society	C	本便では公式サイトを特定できなかった	当該人物は掲載作家ではない（社内の照合先なし）	Wikidataに該当項目／公式サイトURLの登録なし
bundo-shunkai	豊道 春海	groups	瑞雲書道会	（会名の「瑞雲」＝人物号の可能性・未確認）	団体・流派	zh_cn	瑞云书道会	瑞云书道会	C	★日本語の人名漢字が字面として残っていない（瑞云书道会）。字体変換で説明できるか、別の語に置き換わっているか、1件ずつ読む必要がある	★日本語の人名漢字が1字も残っていない（簡体・繁体変換で別字になっている可能性）	公式サイト未特定。日本語の人名漢字との字体対応のみ機械照合
bundo-shunkai	豊道 春海	groups	瑞雲書道会	（会名の「瑞雲」＝人物号の可能性・未確認）	団体・流派	zh_tw	瑞雲書道會	瑞雲書道會	C	★日本語の人名漢字が字面として残っていない（瑞雲書道會）。字体変換で説明できるか、別の語に置き換わっているか、1件ずつ読む必要がある	★日本語の人名漢字が1字も残っていない（簡体・繁体変換で別字になっている可能性）	公式サイト未特定。日本語の人名漢字との字体対応のみ機械照合
bundo-shunkai	豊道 春海	groups	瑞雲書道会	（会名の「瑞雲」＝人物号の可能性・未確認）	団体・流派	ko	즈이운 서도회	즈이운 서도회	C	★館の公式サイトに韓国語ページを検出できず、ハングル表記の根拠が確認できない（日本語の読みからの音写と推測されるが未確認）	本人ページにハングル表記の欄が無いため社内照合先なし	公式サイト未特定
bundo-shunkai	豊道 春海	groups	瑞雲書道会	（会名の「瑞雲」＝人物号の可能性・未確認）	団体・流派	fr	Société de calligraphie Zuiun	Société Zuiun	C	★人名部分の綴りが当社の英語表記（Zuiun Society）と食い違う（Société Zuiun）。相違の根拠は確認できない	当該人物は掲載作家ではない（社内の照合先なし）	同一固有名詞の8言語を並べて比較。公式サイトに当該言語のページは検出できず
bundo-shunkai	豊道 春海	groups	瑞雲書道会	（会名の「瑞雲」＝人物号の可能性・未確認）	団体・流派	es	Sociedad de Caligrafía Zuiun	Sociedad Zuiun	C	★人名部分の綴りが当社の英語表記（Zuiun Society）と食い違う（Sociedad Zuiun）。相違の根拠は確認できない	当該人物は掲載作家ではない（社内の照合先なし）	同一固有名詞の8言語を並べて比較。公式サイトに当該言語のページは検出できず
bundo-shunkai	豊道 春海	groups	瑞雲書道会	（会名の「瑞雲」＝人物号の可能性・未確認）	団体・流派	de	Zuiun-Kalligrafie-Gesellschaft (瑞雲書道会)	Zuiun Kalligrafie Gesellschaft	C	★人名部分の綴りが当社の英語表記（Zuiun Society）と食い違う（Zuiun Kalligrafie Gesellschaft）。相違の根拠は確認できない	当該人物は掲載作家ではない（社内の照合先なし）	同一固有名詞の8言語を並べて比較。公式サイトに当該言語のページは検出できず
aizu-yaichi	会津 八一	collection	新潟市會津八一記念館	會津八一	館・施設	ko	니가타시 아이즈 야이치 기념관	니가타시 아이즈 야이치 기념관	C	★館の公式サイトに韓国語ページを検出できず、ハングル表記の根拠が確認できない（日本語の読みからの音写と推測されるが未確認）	本人ページにハングル表記の欄が無いため社内照合先なし	Wikidata P856→https://aizuyaichi.or.jp（＋言語切替リンク）を取得し、韓国語ページの有無とハングル表記を全文検索
aizu-yaichi	会津 八一	collection	新潟市會津八一記念館	會津八一	館・施設	de	Aizu-Yaichi-Gedächtnismuseum der Stadt Niigata (新潟市會津八一記念館)	Aizu Yaichi der	C	★人名部分の綴りが当社の英語表記（Aizu Yaichi）と食い違う（Aizu Yaichi der）。相違の根拠は確認できない	当該人物は掲載作家ではない（社内の照合先なし）	同一固有名詞の8言語を並べて比較。公式サイトに当該言語のページは検出できず
kawamura-kizan	川村 驥山	collection	平田寺川村驥山記念室	川村驥山	館・施設	en	Kawamura Kizan Memorial Room, Heidenji	Kawamura Kizan	C	本便では公式サイトを特定できなかった	本人ページのローマ字と一致（Kawamura/Kizan）	Wikidataに該当項目／公式サイトURLの登録なし
kawamura-kizan	川村 驥山	collection	平田寺川村驥山記念室	川村驥山	館・施設	ko	헤이덴지 가와무라 기잔 기념실	헤이덴지 가와무라 기잔 기념실	C	★館の公式サイトに韓国語ページを検出できず、ハングル表記の根拠が確認できない（日本語の読みからの音写と推測されるが未確認）	本人ページにハングル表記の欄が無いため社内照合先なし	公式サイト未特定
kawamura-kizan	川村 驥山	collection	平田寺川村驥山記念室	川村驥山	館・施設	fr	Salle commémorative Kawamura Kizan, Heidenji	Kawamura Kizan	C	当該言語の公式表記も英語の公式表記も確認できていない。人名部分は当社の英語表記と同一	本人ページのローマ字と一致（Kawamura/Kizan）	公式サイトに当該言語のページを検出できず（機械判定）。英語表記との一致で代替判定
kawamura-kizan	川村 驥山	collection	平田寺川村驥山記念室	川村驥山	館・施設	es	Sala Conmemorativa Kawamura Kizan, Heidenji	Kawamura Kizan	C	当該言語の公式表記も英語の公式表記も確認できていない。人名部分は当社の英語表記と同一	本人ページのローマ字と一致（Kawamura/Kizan）	公式サイトに当該言語のページを検出できず（機械判定）。英語表記との一致で代替判定
kawamura-kizan	川村 驥山	collection	平田寺川村驥山記念室	川村驥山	館・施設	de	Kawamura-Kizan-Gedächtnisraum, Heidenji (平田寺川村驥山記念室)	Kawamura Kizan	C	当該言語の公式表記も英語の公式表記も確認できていない。人名部分は当社の英語表記と同一	本人ページのローマ字と一致（Kawamura/Kizan）	公式サイトに当該言語のページを検出できず（機械判定）。英語表記との一致で代替判定
murakami-santo	村上 三島	collection	上浦歴史民俗資料館(村上三島記念館)	村上三島	館・施設	en	Kamiura Museum of History and Folklore (Murakami Santō Memorial Museum)	Murakami Santō	C	公式サイトを取得したが、英語の館名の記載を見つけられなかった	本人ページのローマ字と一致（Murakami/Santō）	Wikidata P856→https://www.city.imabari.ehime.jp/museum/santou/（＋言語切替リンク）を取得し全文検索→英名0件
murakami-santo	村上 三島	collection	上浦歴史民俗資料館(村上三島記念館)	村上三島	館・施設	ko	가미우라 역사민속자료관(무라카미 산토 기념관)	가미우라 역사민속자료관 무라카미 산토 기념관	C	★館の公式サイトに韓国語ページを検出できず、ハングル表記の根拠が確認できない（日本語の読みからの音写と推測されるが未確認）	本人ページにハングル表記の欄が無いため社内照合先なし	Wikidata P856→https://www.city.imabari.ehime.jp/museum/santou/（＋言語切替リンク）を取得し、韓国語ページの有無とハングル表記を全文検索
murakami-santo	村上 三島	collection	上浦歴史民俗資料館(村上三島記念館)	村上三島	館・施設	fr	Musée d'histoire et de folklore de Kamiura (Musée commémoratif Murakami Santō)	Murakami Santō	C	当該言語の公式表記も英語の公式表記も確認できていない。人名部分は当社の英語表記と同一	本人ページのローマ字と一致（Murakami/Santō）	公式サイト（https://www.city.imabari.ehime.jp/museum/santou/）に当該言語のページを検出できず（機械判定）。英語表記との一致で代替判定
murakami-santo	村上 三島	collection	上浦歴史民俗資料館(村上三島記念館)	村上三島	館・施設	es	Museo de Historia y Folclore de Kamiura (Museo Conmemorativo Murakami Santō)	Murakami Santō	C	当該言語の公式表記も英語の公式表記も確認できていない。人名部分は当社の英語表記と同一	本人ページのローマ字と一致（Murakami/Santō）	公式サイト（https://www.city.imabari.ehime.jp/museum/santou/）に当該言語のページを検出できず（機械判定）。英語表記との一致で代替判定
murakami-santo	村上 三島	collection	上浦歴史民俗資料館(村上三島記念館)	村上三島	館・施設	de	Historisch-volkskundliches Museum Kamiura (Murakami-Santo-Gedächtnismuseum) (上浦歴史民俗資料館・村上三島記念館)	Murakami Santo	C	当該言語の公式表記も英語の公式表記も確認できていない。人名部分は当社の英語表記と同一	本人ページのローマ字と一致（Murakami/Santo）	公式サイト（https://www.city.imabari.ehime.jp/museum/santou/）に当該言語のページを検出できず（機械判定）。英語表記との一致で代替判定
kumagai-tsuneko	熊谷 恒子	collection	熊谷恒子記念館	熊谷恒子	館・施設	en	Kumagai Tsuneko Memorial Museum	Kumagai Tsuneko	C	本便では公式サイトを特定できなかった	本人ページのローマ字と一致（Kumagai/Tsuneko）	Wikidataに該当項目／公式サイトURLの登録なし
kumagai-tsuneko	熊谷 恒子	collection	熊谷恒子記念館	熊谷恒子	館・施設	ko	구마가이 쓰네코 기념관	구마가이 쓰네코 기념관	C	★館の公式サイトに韓国語ページを検出できず、ハングル表記の根拠が確認できない（日本語の読みからの音写と推測されるが未確認）	本人ページにハングル表記の欄が無いため社内照合先なし	公式サイト未特定
kumagai-tsuneko	熊谷 恒子	collection	熊谷恒子記念館	熊谷恒子	館・施設	fr	Musée commémoratif Kumagai Tsuneko	Kumagai Tsuneko	C	当該言語の公式表記も英語の公式表記も確認できていない。人名部分は当社の英語表記と同一	本人ページのローマ字と一致（Kumagai/Tsuneko）	公式サイトに当該言語のページを検出できず（機械判定）。英語表記との一致で代替判定
kumagai-tsuneko	熊谷 恒子	collection	熊谷恒子記念館	熊谷恒子	館・施設	es	Museo Conmemorativo Kumagai Tsuneko	Kumagai Tsuneko	C	当該言語の公式表記も英語の公式表記も確認できていない。人名部分は当社の英語表記と同一	本人ページのローマ字と一致（Kumagai/Tsuneko）	公式サイトに当該言語のページを検出できず（機械判定）。英語表記との一致で代替判定
kumagai-tsuneko	熊谷 恒子	collection	熊谷恒子記念館	熊谷恒子	館・施設	de	Kumagai-Tsuneko-Gedächtnismuseum (熊谷恒子記念館)	Kumagai Tsuneko	C	当該言語の公式表記も英語の公式表記も確認できていない。人名部分は当社の英語表記と同一	本人ページのローマ字と一致（Kumagai/Tsuneko）	公式サイトに当該言語のページを検出できず（機械判定）。英語表記との一致で代替判定
kitaoji-rosanjin	北大路 魯山人	collection	足立美術館	足立全康	館・施設	en	Adachi Museum of Art	Adachi	C	公式サイトを取得したが、英語の館名の記載を見つけられなかった	当該人物は掲載作家ではない（社内の照合先なし）	Wikidata P856→http://www.adachi-museum.or.jp/ja/index.html（＋言語切替リンク）を取得し全文検索→英名0件
kitaoji-rosanjin	北大路 魯山人	collection	足立美術館	足立全康	館・施設	ko	아다치 미술관	아다치 미술관	C	★館の公式サイトに韓国語ページを検出できず、ハングル表記の根拠が確認できない（日本語の読みからの音写と推測されるが未確認）	本人ページにハングル表記の欄が無いため社内照合先なし	Wikidata P856→http://www.adachi-museum.or.jp/ja/index.html（＋言語切替リンク）を取得し、韓国語ページの有無とハングル表記を全文検索
kitaoji-rosanjin	北大路 魯山人	collection	足立美術館	足立全康	館・施設	fr	musée d'art Adachi	d'art Adachi	C	★人名部分の綴りが当社の英語表記（Adachi）と食い違う（d'art Adachi）。相違の根拠は確認できない	当該人物は掲載作家ではない（社内の照合先なし）	同一固有名詞の8言語を並べて比較。公式サイトに当該言語のページは検出できず
kitaoji-rosanjin	北大路 魯山人	collection	足立美術館	足立全康	館・施設	es	Museo de Arte Adachi	Arte Adachi	C	★人名部分の綴りが当社の英語表記（Adachi）と食い違う（Arte Adachi）。相違の根拠は確認できない	当該人物は掲載作家ではない（社内の照合先なし）	同一固有名詞の8言語を並べて比較。公式サイトに当該言語のページは検出できず
kitaoji-rosanjin	北大路 魯山人	collection	足立美術館	足立全康	館・施設	de	Adachi-Kunstmuseum	Adachi	C	当該言語の公式表記も英語の公式表記も確認できていない。人名部分は当社の英語表記と同一	当該人物は掲載作家ではない（社内の照合先なし）	公式サイト（http://www.adachi-museum.or.jp/ja/index.html）に当該言語のページを検出できず（機械判定）。英語表記との一致で代替判定
sakaki-bakuzan	榊 莫山	masterworks[2]	莫山作品	榊莫山	作品名	romaji	Bakuzan sakuhin	Bakuzan sakuhin	C	作品題名のローマ字表記の根拠（所蔵館・展覧会図録の欧文併記等）は本便では確認していない	題名のローマ字（ヘボン式・T17裁定の対象）。外部の公式表記との照合は本便では未実施	本便では未探索（前便T17のローマ字裁定＝ヘボン式の対象範囲）
sakaki-bakuzan	榊 莫山	masterworks[2]	莫山作品	榊莫山	作品名	en	Bakuzan works	Bakuzan	C	本便では公式サイトを特定できなかった	本人ページのローマ字と一致（Bakuzan）	Wikidataに該当項目／公式サイトURLの登録なし
takamura-koun	高村 光雲	masterworks[1]	西郷隆盛像(原型)	西郷隆盛	作品名	romaji	Saigō Takamori-zō (genkei)	Saigō Takamori-zō (genkei)	C	作品題名のローマ字表記の根拠（所蔵館・展覧会図録の欧文併記等）は本便では確認していない	題名のローマ字（ヘボン式・T17裁定の対象）。外部の公式表記との照合は本便では未実施	本便では未探索（前便T17のローマ字裁定＝ヘボン式の対象範囲）
takamura-koun	高村 光雲	masterworks[1]	西郷隆盛像(原型)	西郷隆盛	作品名	en	Statue of Saigō Takamori (model)	Statue Saigō Takamori model	C	本便では公式サイトを特定できなかった	当該人物は掲載作家ではない（社内の照合先なし）	Wikidataに該当項目／公式サイトURLの登録なし
takamura-koun	高村 光雲	masterworks[2]	楠木正成像(原型)	楠木正成	作品名	romaji	Kusunoki Masashige-zō (genkei)	Kusunoki Masashige-zō (genkei)	C	作品題名のローマ字表記の根拠（所蔵館・展覧会図録の欧文併記等）は本便では確認していない	題名のローマ字（ヘボン式・T17裁定の対象）。外部の公式表記との照合は本便では未実施	本便では未探索（前便T17のローマ字裁定＝ヘボン式の対象範囲）
takamura-koun	高村 光雲	masterworks[2]	楠木正成像(原型)	楠木正成	作品名	en	Statue of Kusunoki Masashige (model)	Statue Kusunoki Masashige model	C	本便では公式サイトを特定できなかった	当該人物は掲載作家ではない（社内の照合先なし）	Wikidataに該当項目／公式サイトURLの登録なし
ogiwara-morie	荻原 守衛	collection	碌山美術館	荻原碌山	館・施設	ko	로쿠잔 미술관	로쿠잔 미술관	C	★館の公式サイトに韓国語ページを検出できず、ハングル表記の根拠が確認できない（日本語の読みからの音写と推測されるが未確認）	本人ページにハングル表記の欄が無いため社内照合先なし	Wikidata P856→http://rokuzan.jp/（＋言語切替リンク）を取得し、韓国語ページの有無とハングル表記を全文検索
ogiwara-morie	荻原 守衛	collection	碌山美術館	荻原碌山	館・施設	fr	Musée d'art Rokuzan	d'art Rokuzan	C	★人名部分の綴りが当社の英語表記（Rokuzan）と食い違う（d'art Rokuzan）。相違の根拠は確認できない	当該人物は掲載作家ではない（社内の照合先なし）	同一固有名詞の8言語を並べて比較。公式サイトに当該言語のページは検出できず
ogiwara-morie	荻原 守衛	collection	碌山美術館	荻原碌山	館・施設	es	Museo de Arte Rokuzan	Arte Rokuzan	C	★人名部分の綴りが当社の英語表記（Rokuzan）と食い違う（Arte Rokuzan）。相違の根拠は確認できない	当該人物は掲載作家ではない（社内の照合先なし）	同一固有名詞の8言語を並べて比較。公式サイトに当該言語のページは検出できず
ogiwara-morie	荻原 守衛	masterworks[1]	文覚	文覚	作品名	romaji	Mongaku	Mongaku	C	作品題名のローマ字表記の根拠（所蔵館・展覧会図録の欧文併記等）は本便では確認していない	題名のローマ字（ヘボン式・T17裁定の対象）。外部の公式表記との照合は本便では未実施	本便では未探索（前便T17のローマ字裁定＝ヘボン式の対象範囲）
ogiwara-morie	荻原 守衛	masterworks[1]	文覚	文覚	作品名	en	Mongaku	Mongaku	C	本便では公式サイトを特定できなかった	当該人物は掲載作家ではない（社内の照合先なし）	Wikidataに該当項目／公式サイトURLの登録なし
asakura-fumio	朝倉 文夫	collection	台東区立朝倉彫塑館	朝倉文夫	館・施設	en	Asakura Museum of Sculpture, Taitō	Asakura	C	本便では公式サイトを特定できなかった	本人ページのローマ字と一致（Asakura）	Wikidataに該当項目／公式サイトURLの登録なし
asakura-fumio	朝倉 文夫	collection	台東区立朝倉彫塑館	朝倉文夫	館・施設	ko	다이토구립 아사쿠라조소관	다이토구립 아사쿠라조소관	C	★館の公式サイトに韓国語ページを検出できず、ハングル表記の根拠が確認できない（日本語の読みからの音写と推測されるが未確認）	本人ページにハングル表記の欄が無いため社内照合先なし	公式サイト未特定
asakura-fumio	朝倉 文夫	collection	台東区立朝倉彫塑館	朝倉文夫	館・施設	fr	Musée de la sculpture Asakura, Taitō	Asakura	C	当該言語の公式表記も英語の公式表記も確認できていない。人名部分は当社の英語表記と同一	本人ページのローマ字と一致（Asakura）	公式サイトに当該言語のページを検出できず（機械判定）。英語表記との一致で代替判定
asakura-fumio	朝倉 文夫	collection	台東区立朝倉彫塑館	朝倉文夫	館・施設	es	Museo de Escultura Asakura, Taitō	Asakura	C	当該言語の公式表記も英語の公式表記も確認できていない。人名部分は当社の英語表記と同一	本人ページのローマ字と一致（Asakura）	公式サイトに当該言語のページを検出できず（機械判定）。英語表記との一致で代替判定
asakura-fumio	朝倉 文夫	collection	台東区立朝倉彫塑館	朝倉文夫	館・施設	de	Asakura-Museum für Skulptur, Taitō	Asakura	C	当該言語の公式表記も英語の公式表記も確認できていない。人名部分は当社の英語表記と同一	本人ページのローマ字と一致（Asakura）	公式サイトに当該言語のページを検出できず（機械判定）。英語表記との一致で代替判定
asakura-fumio	朝倉 文夫	masterworks[2]	大隈重信像	大隈重信	作品名	romaji	Ōkuma Shigenobu-zō	Ōkuma Shigenobu-zō	C	作品題名のローマ字表記の根拠（所蔵館・展覧会図録の欧文併記等）は本便では確認していない	題名のローマ字（ヘボン式・T17裁定の対象）。外部の公式表記との照合は本便では未実施	本便では未探索（前便T17のローマ字裁定＝ヘボン式の対象範囲）
asakura-fumio	朝倉 文夫	masterworks[2]	大隈重信像	大隈重信	作品名	en	Statue of Ōkuma Shigenobu	Statue Ōkuma Shigenobu	C	本便では公式サイトを特定できなかった	当該人物は掲載作家ではない（社内の照合先なし）	Wikidataに該当項目／公式サイトURLの登録なし
kitamura-seibo	北村 西望	collection	井の頭自然文化園(西望彫刻園)	北村西望	館・施設	en	Inokashira Park Zoo (Seibō Sculpture Garden)	Seibō	C	公式サイトを取得したが、英語の館名の記載を見つけられなかった	本人ページのローマ字と一致（Seibō）	Wikidata P856→https://www.tokyo-zoo.net/zoo/ino/（＋言語切替リンク）を取得し全文検索→英名0件
kitamura-seibo	北村 西望	collection	井の頭自然文化園(西望彫刻園)	北村西望	館・施設	fr	Parc zoologique d'Inokashira (jardin de sculptures Seibō)	Seibō	C	当該言語の公式表記も英語の公式表記も確認できていない。人名部分は当社の英語表記と同一	本人ページのローマ字と一致（Seibō）	公式サイト（https://www.tokyo-zoo.net/zoo/ino/）に当該言語のページを検出できず（機械判定）。英語表記との一致で代替判定
kitamura-seibo	北村 西望	collection	井の頭自然文化園(西望彫刻園)	北村西望	館・施設	es	Parque Zoológico de Inokashira (jardín de esculturas Seibō)	Seibō	C	当該言語の公式表記も英語の公式表記も確認できていない。人名部分は当社の英語表記と同一	本人ページのローマ字と一致（Seibō）	公式サイト（https://www.tokyo-zoo.net/zoo/ino/）に当該言語のページを検出できず（機械判定）。英語表記との一致で代替判定
kitamura-seibo	北村 西望	collection	井の頭自然文化園(西望彫刻園)	北村西望	館・施設	de	Naturpark-Zoo Inokashira (Seibō-Skulpturengarten)	Seibō	C	当該言語の公式表記も英語の公式表記も確認できていない。人名部分は当社の英語表記と同一	本人ページのローマ字と一致（Seibō）	公式サイト（https://www.tokyo-zoo.net/zoo/ino/）に当該言語のページを検出できず（機械判定）。英語表記との一致で代替判定
kitamura-seibo	北村 西望	collection	南島原市西望記念館	北村西望	館・施設	en	Seibō Memorial Museum, Minamishimabara	Seibō	C	本便では公式サイトを特定できなかった	本人ページのローマ字と一致（Seibō）	Wikidataに該当項目／公式サイトURLの登録なし
kitamura-seibo	北村 西望	collection	南島原市西望記念館	北村西望	館・施設	ko	미나미시마바라시 세이보 기념관	미나미시마바라시 세이보 기념관	C	★館の公式サイトに韓国語ページを検出できず、ハングル表記の根拠が確認できない（日本語の読みからの音写と推測されるが未確認）	本人ページにハングル表記の欄が無いため社内照合先なし	公式サイト未特定
kitamura-seibo	北村 西望	collection	南島原市西望記念館	北村西望	館・施設	fr	musée commémoratif Seibō, Minamishimabara	Seibō	C	当該言語の公式表記も英語の公式表記も確認できていない。人名部分は当社の英語表記と同一	本人ページのローマ字と一致（Seibō）	公式サイトに当該言語のページを検出できず（機械判定）。英語表記との一致で代替判定
kitamura-seibo	北村 西望	collection	南島原市西望記念館	北村西望	館・施設	es	Museo Conmemorativo Seibō, Minamishimabara	Seibō	C	当該言語の公式表記も英語の公式表記も確認できていない。人名部分は当社の英語表記と同一	本人ページのローマ字と一致（Seibō）	公式サイトに当該言語のページを検出できず（機械判定）。英語表記との一致で代替判定
kitamura-seibo	北村 西望	collection	南島原市西望記念館	北村西望	館・施設	de	Seibō-Gedenkmuseum, Minamishimabara	Seibō	C	当該言語の公式表記も英語の公式表記も確認できていない。人名部分は当社の英語表記と同一	本人ページのローマ字と一致（Seibō）	公式サイトに当該言語のページを検出できず（機械判定）。英語表記との一致で代替判定
hirakushi-denchu	平櫛 田中	collection	小平市平櫛田中彫刻美術館	平櫛田中	館・施設	en	Hirakushi Denchū Art Museum, Kodaira	Hirakushi Denchū	C	公式サイトを取得したが、英語の館名の記載を見つけられなかった	本人ページのローマ字と一致（Hirakushi/Denchū）	Wikidata P856→http://denchu-museum.jp/（＋言語切替リンク）を取得し全文検索→英名0件
hirakushi-denchu	平櫛 田中	collection	小平市平櫛田中彫刻美術館	平櫛田中	館・施設	ko	고다이라시 히라쿠시 덴추 조각미술관	고다이라시 히라쿠시 덴추 조각미술관	C	★館の公式サイトに韓国語ページを検出できず、ハングル表記の根拠が確認できない（日本語の読みからの音写と推測されるが未確認）	本人ページにハングル表記の欄が無いため社内照合先なし	Wikidata P856→http://denchu-museum.jp/（＋言語切替リンク）を取得し、韓国語ページの有無とハングル表記を全文検索
hirakushi-denchu	平櫛 田中	collection	小平市平櫛田中彫刻美術館	平櫛田中	館・施設	fr	Musée d'art Hirakushi Denchū, Kodaira	Hirakushi Denchū	C	当該言語の公式表記も英語の公式表記も確認できていない。人名部分は当社の英語表記と同一	本人ページのローマ字と一致（Hirakushi/Denchū）	公式サイト（http://denchu-museum.jp/）に当該言語のページを検出できず（機械判定）。英語表記との一致で代替判定
hirakushi-denchu	平櫛 田中	collection	小平市平櫛田中彫刻美術館	平櫛田中	館・施設	es	Museo de Arte Hirakushi Denchū, Kodaira	Hirakushi Denchū	C	当該言語の公式表記も英語の公式表記も確認できていない。人名部分は当社の英語表記と同一	本人ページのローマ字と一致（Hirakushi/Denchū）	公式サイト（http://denchu-museum.jp/）に当該言語のページを検出できず（機械判定）。英語表記との一致で代替判定
hirakushi-denchu	平櫛 田中	collection	小平市平櫛田中彫刻美術館	平櫛田中	館・施設	de	Hirakushi-Denchū-Kunstmuseum, Kodaira	Hirakushi Denchū	C	当該言語の公式表記も英語の公式表記も確認できていない。人名部分は当社の英語表記と同一	本人ページのローマ字と一致（Hirakushi/Denchū）	公式サイト（http://denchu-museum.jp/）に当該言語のページを検出できず（機械判定）。英語表記との一致で代替判定
hirakushi-denchu	平櫛 田中	collection	井原市立田中美術館	平櫛田中	館・施設	ko	이바라시립 덴추미술관	이바라시립 덴추미술관	C	★館の公式サイトに韓国語ページを検出できず、ハングル表記の根拠が確認できない（日本語の読みからの音写と推測されるが未確認）	本人ページにハングル表記の欄が無いため社内照合先なし	Wikidata P856→http://www.city.ibara.okayama.jp/denchu_museum/（＋言語切替リンク）を取得し、韓国語ページの有無とハングル表記を全文検索
nakahara-teijiro	中原 悌二郎	collection	中原悌二郎記念旭川市彫刻美術館	中原悌二郎	館・施設	en	Nakahara Teijirō Memorial Asahikawa City Museum of Sculpture	Nakahara Teijirō	C	公式サイトを取得したが、英語の館名の記載を見つけられなかった	本人ページのローマ字と一致（Nakahara/Teijirō）	Wikidata P856→http://www.city.asahikawa.hokkaido.jp/files/bunkashinko/sculpture_mus/（＋言語切替リンク）を取得し全文検索→英名0件
nakahara-teijiro	中原 悌二郎	collection	中原悌二郎記念旭川市彫刻美術館	中原悌二郎	館・施設	ko	나카하라 데이지로 기념 아사히카와시 조각미술관	나카하라 데이지로 기념 아사히카와시 조각미술관	C	★館の公式サイトに韓国語ページを検出できず、ハングル表記の根拠が確認できない（日本語の読みからの音写と推測されるが未確認）	本人ページにハングル表記の欄が無いため社内照合先なし	Wikidata P856→http://www.city.asahikawa.hokkaido.jp/files/bunkashinko/sculpture_mus/（＋言語切替リンク）を取得し、韓国語ページの有無とハングル表記を全文検索
nakahara-teijiro	中原 悌二郎	collection	中原悌二郎記念旭川市彫刻美術館	中原悌二郎	館・施設	fr	Musée de la sculpture de la ville d'Asahikawa, mémorial Nakahara Teijirō	Nakahara Teijirō	C	当該言語の公式表記も英語の公式表記も確認できていない。人名部分は当社の英語表記と同一	本人ページのローマ字と一致（Nakahara/Teijirō）	公式サイト（http://www.city.asahikawa.hokkaido.jp/files/bunkashinko/sculpture_mus/）に当該言語のページを検出できず（機械判定）。英語表記との一致で代替判定
nakahara-teijiro	中原 悌二郎	collection	中原悌二郎記念旭川市彫刻美術館	中原悌二郎	館・施設	es	Museo de Escultura de la Ciudad de Asahikawa, Memorial Nakahara Teijirō	Nakahara Teijirō	C	当該言語の公式表記も英語の公式表記も確認できていない。人名部分は当社の英語表記と同一	本人ページのローマ字と一致（Nakahara/Teijirō）	公式サイト（http://www.city.asahikawa.hokkaido.jp/files/bunkashinko/sculpture_mus/）に当該言語のページを検出できず（機械判定）。英語表記との一致で代替判定
nakahara-teijiro	中原 悌二郎	collection	中原悌二郎記念旭川市彫刻美術館	中原悌二郎	館・施設	de	Städtisches Skulpturenmuseum Asahikawa – Nakahara-Teijirō-Gedenkstätte	Nakahara Teijirō	C	当該言語の公式表記も英語の公式表記も確認できていない。人名部分は当社の英語表記と同一	本人ページのローマ字と一致（Nakahara/Teijirō）	公式サイト（http://www.city.asahikawa.hokkaido.jp/files/bunkashinko/sculpture_mus/）に当該言語のページを検出できず（機械判定）。英語表記との一致で代替判定
nakahara-teijiro	中原 悌二郎	masterworks[1]	平櫛田中像	平櫛田中	作品名	romaji	Hirakushi Denchū-zō	Hirakushi Denchū-zō	C	作品題名のローマ字表記の根拠（所蔵館・展覧会図録の欧文併記等）は本便では確認していない	題名のローマ字（ヘボン式・T17裁定の対象）。外部の公式表記との照合は本便では未実施	本便では未探索（前便T17のローマ字裁定＝ヘボン式の対象範囲）
nakahara-teijiro	中原 悌二郎	masterworks[1]	平櫛田中像	平櫛田中	作品名	en	Portrait of Hirakushi Denchū	Hirakushi Denchū	C	本便では公式サイトを特定できなかった	本人ページのローマ字と一致（Hirakushi/Denchū）	Wikidataに該当項目／公式サイトURLの登録なし
ishii-tsuruzo	石井 鶴三	masterworks[1]	宮本武蔵挿絵	宮本武蔵	作品名	romaji	Miyamoto Musashi sashie	Miyamoto Musashi sashie	C	作品題名のローマ字表記の根拠（所蔵館・展覧会図録の欧文併記等）は本便では確認していない	題名のローマ字（ヘボン式・T17裁定の対象）。外部の公式表記との照合は本便では未実施	本便では未探索（前便T17のローマ字裁定＝ヘボン式の対象範囲）
ishii-tsuruzo	石井 鶴三	masterworks[1]	宮本武蔵挿絵	宮本武蔵	作品名	en	Illustrations for Miyamoto Musashi	Illustrations for Miyamoto Musashi	C	本便では公式サイトを特定できなかった	当該人物は掲載作家ではない（社内の照合先なし）	Wikidataに該当項目／公式サイトURLの登録なし
sato-churyo	佐藤 忠良	collection	宮城県美術館 佐藤忠良記念館	佐藤忠良	館・施設	en	Miyagi Museum of Art, Satō Chūryō Memorial Gallery	Satō Chūryō	C	本便では公式サイトを特定できなかった	本人ページのローマ字と一致（Satō/Chūryō）	Wikidataに該当項目／公式サイトURLの登録なし
sato-churyo	佐藤 忠良	collection	宮城県美術館 佐藤忠良記念館	佐藤忠良	館・施設	ko	미야기현미술관 사토 추료 기념관	미야기현미술관 사토 추료 기념관	C	★館の公式サイトに韓国語ページを検出できず、ハングル表記の根拠が確認できない（日本語の読みからの音写と推測されるが未確認）	本人ページにハングル表記の欄が無いため社内照合先なし	公式サイト未特定
sato-churyo	佐藤 忠良	collection	宮城県美術館 佐藤忠良記念館	佐藤忠良	館・施設	fr	Musée d'art de Miyagi, galerie commémorative Satō Chūryō	Satō Chūryō	C	当該言語の公式表記も英語の公式表記も確認できていない。人名部分は当社の英語表記と同一	本人ページのローマ字と一致（Satō/Chūryō）	公式サイトに当該言語のページを検出できず（機械判定）。英語表記との一致で代替判定
sato-churyo	佐藤 忠良	collection	宮城県美術館 佐藤忠良記念館	佐藤忠良	館・施設	es	Museo de Arte de Miyagi, Galería Conmemorativa Satō Chūryō	Satō Chūryō	C	当該言語の公式表記も英語の公式表記も確認できていない。人名部分は当社の英語表記と同一	本人ページのローマ字と一致（Satō/Chūryō）	公式サイトに当該言語のページを検出できず（機械判定）。英語表記との一致で代替判定
sato-churyo	佐藤 忠良	collection	宮城県美術館 佐藤忠良記念館	佐藤忠良	館・施設	de	Kunstmuseum der Präfektur Miyagi – Satō-Chūryō-Gedenkgalerie	Satō Chūryō	C	当該言語の公式表記も英語の公式表記も確認できていない。人名部分は当社の英語表記と同一	本人ページのローマ字と一致（Satō/Chūryō）	公式サイトに当該言語のページを検出できず（機械判定）。英語表記との一致で代替判定
funakoshi-yasutake	舟越 保武	masterworks[2]	ダミアン神父	ダミアン神父	作品名	romaji	Damian Shinpu	Damian Shinpu	C	作品題名のローマ字表記の根拠（所蔵館・展覧会図録の欧文併記等）は本便では確認していない	題名のローマ字（ヘボン式・T17裁定の対象）。外部の公式表記との照合は本便では未実施	本便では未探索（前便T17のローマ字裁定＝ヘボン式の対象範囲）
funakoshi-yasutake	舟越 保武	masterworks[2]	ダミアン神父	ダミアン神父	作品名	en	Father Damien	Father Damien	C	本便では公式サイトを特定できなかった	当該人物は掲載作家ではない（社内の照合先なし）	Wikidataに該当項目／公式サイトURLの登録なし
yanagihara-yoshitatsu	柳原 義達	collection	三重県立美術館 柳原義達記念館	柳原義達	館・施設	en	Mie Prefectural Art Museum, Yanagihara Yoshitatsu Memorial Gallery	Yanagihara Yoshitatsu	C	本便では公式サイトを特定できなかった	本人ページのローマ字と一致（Yanagihara/Yoshitatsu）	Wikidataに該当項目／公式サイトURLの登録なし
yanagihara-yoshitatsu	柳原 義達	collection	三重県立美術館 柳原義達記念館	柳原義達	館・施設	ko	미에현립미술관 야나기하라 요시타쓰 기념관	미에현립미술관 야나기하라 요시타쓰 기념관	C	★館の公式サイトに韓国語ページを検出できず、ハングル表記の根拠が確認できない（日本語の読みからの音写と推測されるが未確認）	本人ページにハングル表記の欄が無いため社内照合先なし	公式サイト未特定
yanagihara-yoshitatsu	柳原 義達	collection	三重県立美術館 柳原義達記念館	柳原義達	館・施設	fr	Musée d'art préfectoral de Mie, galerie commémorative Yanagihara Yoshitatsu	Yanagihara Yoshitatsu	C	当該言語の公式表記も英語の公式表記も確認できていない。人名部分は当社の英語表記と同一	本人ページのローマ字と一致（Yanagihara/Yoshitatsu）	公式サイトに当該言語のページを検出できず（機械判定）。英語表記との一致で代替判定
yanagihara-yoshitatsu	柳原 義達	collection	三重県立美術館 柳原義達記念館	柳原義達	館・施設	es	Museo de Arte de la Prefectura de Mie, Galería Conmemorativa Yanagihara Yoshitatsu	Yanagihara Yoshitatsu	C	当該言語の公式表記も英語の公式表記も確認できていない。人名部分は当社の英語表記と同一	本人ページのローマ字と一致（Yanagihara/Yoshitatsu）	公式サイトに当該言語のページを検出できず（機械判定）。英語表記との一致で代替判定
yanagihara-yoshitatsu	柳原 義達	collection	三重県立美術館 柳原義達記念館	柳原義達	館・施設	de	Kunstmuseum der Präfektur Mie – Yanagihara-Yoshitatsu-Gedenkgalerie	Yanagihara Yoshitatsu	C	当該言語の公式表記も英語の公式表記も確認できていない。人名部分は当社の英語表記と同一	本人ページのローマ字と一致（Yanagihara/Yoshitatsu）	公式サイトに当該言語のページを検出できず（機械判定）。英語表記との一致で代替判定
hongo-shin	本郷 新	collection	本郷新記念札幌彫刻美術館	本郷新	館・施設	en	Hongō Shin Memorial Museum of Sculpture	Hongō Shin	C	本便では公式サイトを特定できなかった	本人ページのローマ字と一致（Hongō/Shin）	Wikidataに該当項目／公式サイトURLの登録なし
hongo-shin	本郷 新	collection	本郷新記念札幌彫刻美術館	本郷新	館・施設	ko	혼고 신 기념 삿포로 조각미술관	혼고 기념 삿포로 조각미술관	C	★館の公式サイトに韓国語ページを検出できず、ハングル表記の根拠が確認できない（日本語の読みからの音写と推測されるが未確認）	本人ページにハングル表記の欄が無いため社内照合先なし	公式サイト未特定
hongo-shin	本郷 新	collection	本郷新記念札幌彫刻美術館	本郷新	館・施設	fr	Musée de sculpture commémoratif Hongō Shin	Hongō Shin	C	当該言語の公式表記も英語の公式表記も確認できていない。人名部分は当社の英語表記と同一	本人ページのローマ字と一致（Hongō/Shin）	公式サイトに当該言語のページを検出できず（機械判定）。英語表記との一致で代替判定
hongo-shin	本郷 新	collection	本郷新記念札幌彫刻美術館	本郷新	館・施設	es	Museo de Escultura Conmemorativo Hongō Shin	Hongō Shin	C	当該言語の公式表記も英語の公式表記も確認できていない。人名部分は当社の英語表記と同一	本人ページのローマ字と一致（Hongō/Shin）	公式サイトに当該言語のページを検出できず（機械判定）。英語表記との一致で代替判定
hongo-shin	本郷 新	collection	本郷新記念札幌彫刻美術館	本郷新	館・施設	de	Hongō-Shin-Gedenkmuseum für Skulptur	Hongō Shin	C	当該言語の公式表記も英語の公式表記も確認できていない。人名部分は当社の英語表記と同一	本人ページのローマ字と一致（Hongō/Shin）	公式サイトに当該言語のページを検出できず（機械判定）。英語表記との一致で代替判定
sawada-seiko	澤田 政廣	collection	熱海市澤田政廣記念美術館	澤田政廣	館・施設	en	Atami City Sawada Seikō Memorial Museum	Sawada Seikō	C	本便では公式サイトを特定できなかった	本人ページのローマ字と一致（Sawada/Seikō）	Wikidataに該当項目／公式サイトURLの登録なし
sawada-seiko	澤田 政廣	collection	熱海市澤田政廣記念美術館	澤田政廣	館・施設	ko	아타미시 사와다 세이코 기념미술관	아타미시 사와다 세이코 기념미술관	C	★館の公式サイトに韓国語ページを検出できず、ハングル表記の根拠が確認できない（日本語の読みからの音写と推測されるが未確認）	本人ページにハングル表記の欄が無いため社内照合先なし	公式サイト未特定
sawada-seiko	澤田 政廣	collection	熱海市澤田政廣記念美術館	澤田政廣	館・施設	fr	Musée commémoratif Sawada Seikō de la ville d'Atami	Sawada Seikō	C	当該言語の公式表記も英語の公式表記も確認できていない。人名部分は当社の英語表記と同一	本人ページのローマ字と一致（Sawada/Seikō）	公式サイトに当該言語のページを検出できず（機械判定）。英語表記との一致で代替判定
sawada-seiko	澤田 政廣	collection	熱海市澤田政廣記念美術館	澤田政廣	館・施設	es	Museo Conmemorativo Sawada Seikō de la Ciudad de Atami	Sawada Seikō	C	当該言語の公式表記も英語の公式表記も確認できていない。人名部分は当社の英語表記と同一	本人ページのローマ字と一致（Sawada/Seikō）	公式サイトに当該言語のページを検出できず（機械判定）。英語表記との一致で代替判定
sawada-seiko	澤田 政廣	collection	熱海市澤田政廣記念美術館	澤田政廣	館・施設	de	Städtisches Sawada-Seikō-Gedenkmuseum Atami	Sawada Seikō	C	当該言語の公式表記も英語の公式表記も確認できていない。人名部分は当社の英語表記と同一	本人ページのローマ字と一致（Sawada/Seikō）	公式サイトに当該言語のページを検出できず（機械判定）。英語表記との一致で代替判定
entsuba-katsuzo	圓鍔 勝三	collection	圓鍔記念館	圓鍔勝三	館・施設	en	Entsuba Memorial Museum	Entsuba	C	公式サイトを取得したが、英語の館名の記載を見つけられなかった	本人ページのローマ字と一致（Entsuba）	Wikidata P856→https://www.city.onomichi.hiroshima.jp/site/entsuba-museum/（＋言語切替リンク）を取得し全文検索→英名0件
entsuba-katsuzo	圓鍔 勝三	collection	圓鍔記念館	圓鍔勝三	館・施設	zh_cn	圆锷纪念馆	圆锷纪念馆	C	★日本語の人名漢字が字面として残っていない（圆锷纪念馆）。字体変換で説明できるか、別の語に置き換わっているか、1件ずつ読む必要がある	★日本語の人名漢字が1字も残っていない（簡体・繁体変換で別字になっている可能性）	Wikidata P856→https://www.city.onomichi.hiroshima.jp/site/entsuba-museum/ を取得し中国語ページの有無を判定。あわせて日本語の人名漢字との字体対応を機械照合
entsuba-katsuzo	圓鍔 勝三	collection	圓鍔記念館	圓鍔勝三	館・施設	ko	엔쓰바 기념관	엔쓰바 기념관	C	★館の公式サイトに韓国語ページを検出できず、ハングル表記の根拠が確認できない（日本語の読みからの音写と推測されるが未確認）	本人ページにハングル表記の欄が無いため社内照合先なし	Wikidata P856→https://www.city.onomichi.hiroshima.jp/site/entsuba-museum/（＋言語切替リンク）を取得し、韓国語ページの有無とハングル表記を全文検索
entsuba-katsuzo	圓鍔 勝三	collection	圓鍔記念館	圓鍔勝三	館・施設	fr	musée commémoratif Entsuba	Entsuba	C	当該言語の公式表記も英語の公式表記も確認できていない。人名部分は当社の英語表記と同一	本人ページのローマ字と一致（Entsuba）	公式サイト（https://www.city.onomichi.hiroshima.jp/site/entsuba-museum/）に当該言語のページを検出できず（機械判定）。英語表記との一致で代替判定
entsuba-katsuzo	圓鍔 勝三	collection	圓鍔記念館	圓鍔勝三	館・施設	es	Museo Conmemorativo Entsuba	Entsuba	C	当該言語の公式表記も英語の公式表記も確認できていない。人名部分は当社の英語表記と同一	本人ページのローマ字と一致（Entsuba）	公式サイト（https://www.city.onomichi.hiroshima.jp/site/entsuba-museum/）に当該言語のページを検出できず（機械判定）。英語表記との一致で代替判定
entsuba-katsuzo	圓鍔 勝三	collection	圓鍔記念館	圓鍔勝三	館・施設	de	Entsuba-Gedenkmuseum	Entsuba	C	当該言語の公式表記も英語の公式表記も確認できていない。人名部分は当社の英語表記と同一	本人ページのローマ字と一致（Entsuba）	公式サイト（https://www.city.onomichi.hiroshima.jp/site/entsuba-museum/）に当該言語のページを検出できず（機械判定）。英語表記との一致で代替判定
takata-hiroatsu	高田 博厚	collection	東松山市(高田博厚彫刻群)	高田博厚	館・施設	en	Higashimatsuyama City (Takata Hiroatsu Sculpture Group)	Takata Hiroatsu	C	公式サイトを取得したが、英語の館名の記載を見つけられなかった	本人ページのローマ字と一致（Takata/Hiroatsu）	Wikidata P856→http://www.city.higashimatsuyama.lg.jp/（＋言語切替リンク）を取得し全文検索→英名0件
takata-hiroatsu	高田 博厚	collection	東松山市(高田博厚彫刻群)	高田博厚	館・施設	ko	히가시마쓰야마시(다카타 히로아쓰 조각군)	히가시마쓰야마시 다카타 히로아쓰 조각군	C	★館の公式サイトに韓国語ページを検出できず、ハングル表記の根拠が確認できない（日本語の読みからの音写と推測されるが未確認）	本人ページにハングル表記の欄が無いため社内照合先なし	Wikidata P856→http://www.city.higashimatsuyama.lg.jp/（＋言語切替リンク）を取得し、韓国語ページの有無とハングル表記を全文検索
takata-hiroatsu	高田 博厚	collection	東松山市(高田博厚彫刻群)	高田博厚	館・施設	fr	ville de Higashimatsuyama (ensemble de sculptures de Takata Hiroatsu)	Takata Hiroatsu	C	当該言語の公式表記も英語の公式表記も確認できていない。人名部分は当社の英語表記と同一	本人ページのローマ字と一致（Takata/Hiroatsu）	公式サイト（http://www.city.higashimatsuyama.lg.jp/）に当該言語のページを検出できず（機械判定）。英語表記との一致で代替判定
takata-hiroatsu	高田 博厚	collection	東松山市(高田博厚彫刻群)	高田博厚	館・施設	es	ciudad de Higashimatsuyama (conjunto escultórico de Takata Hiroatsu)	Takata Hiroatsu	C	当該言語の公式表記も英語の公式表記も確認できていない。人名部分は当社の英語表記と同一	本人ページのローマ字と一致（Takata/Hiroatsu）	公式サイト（http://www.city.higashimatsuyama.lg.jp/）に当該言語のページを検出できず（機械判定）。英語表記との一致で代替判定
takata-hiroatsu	高田 博厚	collection	東松山市(高田博厚彫刻群)	高田博厚	館・施設	de	Stadt Higashimatsuyama (Takata-Hiroatsu-Skulpturengruppe)	Takata Hiroatsu	C	当該言語の公式表記も英語の公式表記も確認できていない。人名部分は当社の英語表記と同一	本人ページのローマ字と一致（Takata/Hiroatsu）	公式サイト（http://www.city.higashimatsuyama.lg.jp/）に当該言語のページを検出できず（機械判定）。英語表記との一致で代替判定
takata-hiroatsu	高田 博厚	masterworks[0]	ガンジー像	ガンジー	作品名	romaji	Ganjī-zō	Ganjī-zō	C	作品題名のローマ字表記の根拠（所蔵館・展覧会図録の欧文併記等）は本便では確認していない	題名のローマ字（ヘボン式・T17裁定の対象）。外部の公式表記との照合は本便では未実施	本便では未探索（前便T17のローマ字裁定＝ヘボン式の対象範囲）
takata-hiroatsu	高田 博厚	masterworks[0]	ガンジー像	ガンジー	作品名	en	Portrait of Gandhi	Portrait Gandhi	C	本便では公式サイトを特定できなかった	当該人物は掲載作家ではない（社内の照合先なし）	Wikidataに該当項目／公式サイトURLの登録なし
takata-hiroatsu	高田 博厚	masterworks[1]	ロマン・ロラン像	ロマン・ロラン	作品名	romaji	Roman Roran-zō	Roman Roran-zō	C	作品題名のローマ字表記の根拠（所蔵館・展覧会図録の欧文併記等）は本便では確認していない	題名のローマ字（ヘボン式・T17裁定の対象）。外部の公式表記との照合は本便では未実施	本便では未探索（前便T17のローマ字裁定＝ヘボン式の対象範囲）
takata-hiroatsu	高田 博厚	masterworks[1]	ロマン・ロラン像	ロマン・ロラン	作品名	en	Portrait of Romain Rolland	Portrait Romain Rolland	C	本便では公式サイトを特定できなかった	当該人物は掲載作家ではない（社内の照合先なし）	Wikidataに該当項目／公式サイトURLの登録なし
hori-shinji	堀 進二	masterworks[1]	渋沢栄一寿像	渋沢栄一	作品名	romaji	Shibusawa Eiichi Juzō	Shibusawa Eiichi Juzō	C	作品題名のローマ字表記の根拠（所蔵館・展覧会図録の欧文併記等）は本便では確認していない	題名のローマ字（ヘボン式・T17裁定の対象）。外部の公式表記との照合は本便では未実施	本便では未探索（前便T17のローマ字裁定＝ヘボン式の対象範囲）
hori-shinji	堀 進二	masterworks[1]	渋沢栄一寿像	渋沢栄一	作品名	en	Commemorative Statue of Shibusawa Eiichi	Commemorative Statue Shibusawa Eiichi	C	本便では公式サイトを特定できなかった	当該人物は掲載作家ではない（社内の照合先なし）	Wikidataに該当項目／公式サイトURLの登録なし
hori-shinji	堀 進二	masterworks[2]	浜尾新像	浜尾新	作品名	romaji	Hamao Arata-zō	Hamao Arata-zō	C	作品題名のローマ字表記の根拠（所蔵館・展覧会図録の欧文併記等）は本便では確認していない	題名のローマ字（ヘボン式・T17裁定の対象）。外部の公式表記との照合は本便では未実施	本便では未探索（前便T17のローマ字裁定＝ヘボン式の対象範囲）
hori-shinji	堀 進二	masterworks[2]	浜尾新像	浜尾新	作品名	en	Portrait of Hamao Arata	Portrait Hamao Arata	C	本便では公式サイトを特定できなかった	当該人物は掲載作家ではない（社内の照合先なし）	Wikidataに該当項目／公式サイトURLの登録なし
nagare-masayuki	流 政之	collection	流政之美術館(香川)	流政之	館・施設	en	Nagare Masayuki Museum (Kagawa)	Nagare Masayuki	C	本便では公式サイトを特定できなかった	本人ページのローマ字と一致（Nagare/Masayuki）	Wikidataに該当項目／公式サイトURLの登録なし
nagare-masayuki	流 政之	collection	流政之美術館(香川)	流政之	館・施設	ko	나가레 마사유키 미술관(가가와)	나가레 마사유키 미술관 가가와	C	★館の公式サイトに韓国語ページを検出できず、ハングル表記の根拠が確認できない（日本語の読みからの音写と推測されるが未確認）	本人ページにハングル表記の欄が無いため社内照合先なし	公式サイト未特定
nagare-masayuki	流 政之	collection	流政之美術館(香川)	流政之	館・施設	fr	Musée Nagare Masayuki (Kagawa)	Nagare Masayuki	C	当該言語の公式表記も英語の公式表記も確認できていない。人名部分は当社の英語表記と同一	本人ページのローマ字と一致（Nagare/Masayuki）	公式サイトに当該言語のページを検出できず（機械判定）。英語表記との一致で代替判定
nagare-masayuki	流 政之	collection	流政之美術館(香川)	流政之	館・施設	es	Museo Nagare Masayuki (Kagawa)	Nagare Masayuki	C	当該言語の公式表記も英語の公式表記も確認できていない。人名部分は当社の英語表記と同一	本人ページのローマ字と一致（Nagare/Masayuki）	公式サイトに当該言語のページを検出できず（機械判定）。英語表記との一致で代替判定
nagare-masayuki	流 政之	collection	流政之美術館(香川)	流政之	館・施設	de	Nagare-Masayuki-Museum (Kagawa)	Nagare Masayuki	C	当該言語の公式表記も英語の公式表記も確認できていない。人名部分は当社の英語表記と同一	本人ページのローマ字と一致（Nagare/Masayuki）	公式サイトに当該言語のページを検出できず（機械判定）。英語表記との一致で代替判定
isamu-noguchi	イサム・ノグチ	collection	イサム・ノグチ庭園美術館(香川)	イサム・ノグチ	館・施設	zh_cn	野口勇庭园美术馆（香川）	野口勇庭园美术馆（香川）	C	★日本語の人名漢字が字面として残っていない（野口勇庭园美术馆（香川））。字体変換で説明できるか、別の語に置き換わっているか、1件ずつ読む必要がある	★日本語の人名漢字が1字も残っていない（簡体・繁体変換で別字になっている可能性）	Wikidata P856→http://www.isamunoguchi.or.jp/ を取得し中国語ページの有無を判定。あわせて日本語の人名漢字との字体対応を機械照合
isamu-noguchi	イサム・ノグチ	collection	イサム・ノグチ庭園美術館(香川)	イサム・ノグチ	館・施設	zh_tw	野口勇庭園美術館（香川）	野口勇庭園美術館（香川）	C	★日本語の人名漢字が字面として残っていない（野口勇庭園美術館（香川））。字体変換で説明できるか、別の語に置き換わっているか、1件ずつ読む必要がある	★日本語の人名漢字が1字も残っていない（簡体・繁体変換で別字になっている可能性）	Wikidata P856→http://www.isamunoguchi.or.jp/ を取得し中国語ページの有無を判定。あわせて日本語の人名漢字との字体対応を機械照合
isamu-noguchi	イサム・ノグチ	collection	イサム・ノグチ庭園美術館(香川)	イサム・ノグチ	館・施設	ko	이사무 노구치 정원미술관(가가와)	이사무 노구치 정원미술관 가가와	C	★館の公式サイトに韓国語ページを検出できず、ハングル表記の根拠が確認できない（日本語の読みからの音写と推測されるが未確認）	本人ページにハングル表記の欄が無いため社内照合先なし	Wikidata P856→http://www.isamunoguchi.or.jp/（＋言語切替リンク）を取得し、韓国語ページの有無とハングル表記を全文検索
isamu-noguchi	イサム・ノグチ	collection	イサム・ノグチ庭園美術館(香川)	イサム・ノグチ	館・施設	fr	Musée-jardin Isamu Noguchi (Kagawa)	jardin Isamu Noguchi	C	★人名部分の綴りが当社の英語表記（Isamu Noguchi Garden）と食い違う（jardin Isamu Noguchi）。相違の根拠は確認できない	当該人物は掲載作家ではない（社内の照合先なし）	同一固有名詞の8言語を並べて比較。公式サイトに当該言語のページは検出できず
isamu-noguchi	イサム・ノグチ	collection	イサム・ノグチ庭園美術館(香川)	イサム・ノグチ	館・施設	es	Museo-jardín Isamu Noguchi (Kagawa)	jardín Isamu Noguchi	C	★人名部分の綴りが当社の英語表記（Isamu Noguchi Garden）と食い違う（jardín Isamu Noguchi）。相違の根拠は確認できない	当該人物は掲載作家ではない（社内の照合先なし）	同一固有名詞の8言語を並べて比較。公式サイトに当該言語のページは検出できず
isamu-noguchi	イサム・ノグチ	collection	イサム・ノグチ庭園美術館(香川)	イサム・ノグチ	館・施設	de	Isamu-Noguchi-Gartenmuseum (Kagawa)	Isamu Noguchi Gartenmuseum	C	★人名部分の綴りが当社の英語表記（Isamu Noguchi Garden）と食い違う（Isamu Noguchi Gartenmuseum）。相違の根拠は確認できない	当該人物は掲載作家ではない（社内の照合先なし）	同一固有名詞の8言語を並べて比較。公式サイトに当該言語のページは検出できず
kinoshita-shigeru	木下 繁	masterworks[0]	アンドロメダ	アンドロメダ（ギリシャ神話の人物）	作品名	romaji	Andoromeda	Andoromeda	C	作品題名のローマ字表記の根拠（所蔵館・展覧会図録の欧文併記等）は本便では確認していない	題名のローマ字（ヘボン式・T17裁定の対象）。外部の公式表記との照合は本便では未実施	本便では未探索（前便T17のローマ字裁定＝ヘボン式の対象範囲）
kinoshita-shigeru	木下 繁	masterworks[0]	アンドロメダ	アンドロメダ（ギリシャ神話の人物）	作品名	en	Andromeda	Andromeda	C	本便では公式サイトを特定できなかった	当該人物は掲載作家ではない（社内の照合先なし）	Wikidataに該当項目／公式サイトURLの登録なし
itaya-hazan	板谷 波山	collection	出光美術館	出光佐三	館・施設	ko	이데미쓰 미술관	이데미쓰 미술관	C	★館の公式サイトに韓国語ページを検出できず、ハングル表記の根拠が確認できない（日本語の読みからの音写と推測されるが未確認）	本人ページにハングル表記の欄が無いため社内照合先なし	Wikidata P856→http://idemitsu-museum.or.jp/en/（＋言語切替リンク）を取得し、韓国語ページの有無とハングル表記を全文検索
kawai-kanjiro	河井 寛次郎	collection	河井寬次郎記念館	河井寬次郎	館・施設	en	Kawai Kanjirō's House (Memorial Museum)	Kawai Kanjirō's House	C	本便では公式サイトを特定できなかった	当該人物は掲載作家ではない（社内の照合先なし）	Wikidataに該当項目／公式サイトURLの登録なし
kawai-kanjiro	河井 寛次郎	collection	河井寬次郎記念館	河井寬次郎	館・施設	ko	가와이 간지로 기념관	가와이 간지로 기념관	C	★館の公式サイトに韓国語ページを検出できず、ハングル表記の根拠が確認できない（日本語の読みからの音写と推測されるが未確認）	本人ページにハングル表記の欄が無いため社内照合先なし	公式サイト未特定
kawai-kanjiro	河井 寛次郎	collection	河井寬次郎記念館	河井寬次郎	館・施設	fr	Musée mémorial Kawai Kanjirō	Kawai Kanjirō	C	★人名部分の綴りが当社の英語表記（Kawai Kanjirō's House）と食い違う（Kawai Kanjirō）。相違の根拠は確認できない	当該人物は掲載作家ではない（社内の照合先なし）	同一固有名詞の8言語を並べて比較。公式サイトに当該言語のページは検出できず
kawai-kanjiro	河井 寛次郎	collection	河井寬次郎記念館	河井寬次郎	館・施設	es	Museo Conmemorativo Kawai Kanjirō	Kawai Kanjirō	C	★人名部分の綴りが当社の英語表記（Kawai Kanjirō's House）と食い違う（Kawai Kanjirō）。相違の根拠は確認できない	当該人物は掲載作家ではない（社内の照合先なし）	同一固有名詞の8言語を並べて比較。公式サイトに当該言語のページは検出できず
kawai-kanjiro	河井 寛次郎	collection	河井寬次郎記念館	河井寬次郎	館・施設	de	Wohnhaus von Kawai Kanjirō (Gedenkmuseum)	Wohnhaus von Kawai Kanjirō	C	★人名部分の綴りが当社の英語表記（Kawai Kanjirō's House）と食い違う（Wohnhaus von Kawai Kanjirō）。相違の根拠は確認できない	当該人物は掲載作家ではない（社内の照合先なし）	同一固有名詞の8言語を並べて比較。公式サイトに当該言語のページは検出できず
arakawa-toyozo	荒川 豊蔵	collection	荒川豊蔵資料館	荒川豊蔵	館・施設	en	Arakawa Toyozō Museum	Arakawa Toyozō	C	公式サイトを取得したが、英語の館名の記載を見つけられなかった	本人ページのローマ字と一致（Arakawa/Toyozō）	Wikidata P856→https://www.city.kani.lg.jp/10013.htm（＋言語切替リンク）を取得し全文検索→英名0件
arakawa-toyozo	荒川 豊蔵	collection	荒川豊蔵資料館	荒川豊蔵	館・施設	ko	아라카와 도요조 자료관	아라카와 도요조 자료관	C	★館の公式サイトに韓国語ページを検出できず、ハングル表記の根拠が確認できない（日本語の読みからの音写と推測されるが未確認）	本人ページにハングル表記の欄が無いため社内照合先なし	Wikidata P856→https://www.city.kani.lg.jp/10013.htm（＋言語切替リンク）を取得し、韓国語ページの有無とハングル表記を全文検索
arakawa-toyozo	荒川 豊蔵	collection	荒川豊蔵資料館	荒川豊蔵	館・施設	fr	Musée Arakawa Toyozō	Arakawa Toyozō	C	当該言語の公式表記も英語の公式表記も確認できていない。人名部分は当社の英語表記と同一	本人ページのローマ字と一致（Arakawa/Toyozō）	公式サイト（https://www.city.kani.lg.jp/10013.htm）に当該言語のページを検出できず（機械判定）。英語表記との一致で代替判定
arakawa-toyozo	荒川 豊蔵	collection	荒川豊蔵資料館	荒川豊蔵	館・施設	es	Museo Arakawa Toyozō	Arakawa Toyozō	C	当該言語の公式表記も英語の公式表記も確認できていない。人名部分は当社の英語表記と同一	本人ページのローマ字と一致（Arakawa/Toyozō）	公式サイト（https://www.city.kani.lg.jp/10013.htm）に当該言語のページを検出できず（機械判定）。英語表記との一致で代替判定
arakawa-toyozo	荒川 豊蔵	collection	荒川豊蔵資料館	荒川豊蔵	館・施設	de	Arakawa-Toyozō-Archivmuseum	Arakawa Toyozō	C	当該言語の公式表記も英語の公式表記も確認できていない。人名部分は当社の英語表記と同一	本人ページのローマ字と一致（Arakawa/Toyozō）	公式サイト（https://www.city.kani.lg.jp/10013.htm）に当該言語のページを検出できず（機械判定）。英語表記との一致で代替判定
kawakita-handeishi	川喜田 半泥子	collection	石水博物館(三重)	川喜田石水（川喜田久太夫政令の号・当方未確認）	館・施設	en	Sekisui Museum (Mie)	Sekisui	C	本便では公式サイトを特定できなかった	当該人物は掲載作家ではない（社内の照合先なし）	Wikidataに該当項目／公式サイトURLの登録なし
kawakita-handeishi	川喜田 半泥子	collection	石水博物館(三重)	川喜田石水（川喜田久太夫政令の号・当方未確認）	館・施設	ko	세키스이 박물관(미에)	세키스이 박물관 미에	C	★館の公式サイトに韓国語ページを検出できず、ハングル表記の根拠が確認できない（日本語の読みからの音写と推測されるが未確認）	本人ページにハングル表記の欄が無いため社内照合先なし	公式サイト未特定
kawakita-handeishi	川喜田 半泥子	collection	石水博物館(三重)	川喜田石水（川喜田久太夫政令の号・当方未確認）	館・施設	fr	Musée Sekisui (Mie)	Sekisui	C	当該言語の公式表記も英語の公式表記も確認できていない。人名部分は当社の英語表記と同一	当該人物は掲載作家ではない（社内の照合先なし）	公式サイトに当該言語のページを検出できず（機械判定）。英語表記との一致で代替判定
kawakita-handeishi	川喜田 半泥子	collection	石水博物館(三重)	川喜田石水（川喜田久太夫政令の号・当方未確認）	館・施設	es	Museo Sekisui (Mie)	Sekisui	C	当該言語の公式表記も英語の公式表記も確認できていない。人名部分は当社の英語表記と同一	当該人物は掲載作家ではない（社内の照合先なし）	公式サイトに当該言語のページを検出できず（機械判定）。英語表記との一致で代替判定
kawakita-handeishi	川喜田 半泥子	collection	石水博物館(三重)	川喜田石水（川喜田久太夫政令の号・当方未確認）	館・施設	de	Sekisui-Museum (Mie)	Sekisui	C	当該言語の公式表記も英語の公式表記も確認できていない。人名部分は当社の英語表記と同一	当該人物は掲載作家ではない（社内の照合先なし）	公式サイトに当該言語のページを検出できず（機械判定）。英語表記との一致で代替判定
miwa-kyuwa	三輪 休和	collection	山口県立萩美術館・浦上記念館	浦上敏朗	館・施設	en	Hagi Uragami Museum, Yamaguchi Prefecture	Hagi Uragami	C	公式サイトを取得したが、英語の館名の記載を見つけられなかった	当該人物は掲載作家ではない（社内の照合先なし）	Wikidata P856→https://www.hum.pref.yamaguchi.lg.jp/（＋言語切替リンク）を取得し全文検索→英名0件
miwa-kyuwa	三輪 休和	collection	山口県立萩美術館・浦上記念館	浦上敏朗	館・施設	ko	야마구치현립 하기미술관·우라가미 기념관	야마구치현립 하기미술관 우라가미 기념관	C	★館の公式サイトに韓国語ページを検出できず、ハングル表記の根拠が確認できない（日本語の読みからの音写と推測されるが未確認）	本人ページにハングル表記の欄が無いため社内照合先なし	Wikidata P856→https://www.hum.pref.yamaguchi.lg.jp/（＋言語切替リンク）を取得し、韓国語ページの有無とハングル表記を全文検索
miwa-kyuwa	三輪 休和	collection	山口県立萩美術館・浦上記念館	浦上敏朗	館・施設	fr	Musée Hagi Uragami, préfecture de Yamaguchi	Hagi Uragami	C	当該言語の公式表記も英語の公式表記も確認できていない。人名部分は当社の英語表記と同一	当該人物は掲載作家ではない（社内の照合先なし）	公式サイト（https://www.hum.pref.yamaguchi.lg.jp/）に当該言語のページを検出できず（機械判定）。英語表記との一致で代替判定
miwa-kyuwa	三輪 休和	collection	山口県立萩美術館・浦上記念館	浦上敏朗	館・施設	es	Museo Hagi Uragami, prefectura de Yamaguchi	Hagi Uragami	C	当該言語の公式表記も英語の公式表記も確認できていない。人名部分は当社の英語表記と同一	当該人物は掲載作家ではない（社内の照合先なし）	公式サイト（https://www.hum.pref.yamaguchi.lg.jp/）に当該言語のページを検出できず（機械判定）。英語表記との一致で代替判定
miwa-kyuwa	三輪 休和	collection	山口県立萩美術館・浦上記念館	浦上敏朗	館・施設	de	Hagi-Uragami-Museum, Präfektur Yamaguchi	Hagi Uragami Präfektur	C	★人名部分の綴りが当社の英語表記（Hagi Uragami）と食い違う（Hagi Uragami Präfektur）。相違の根拠は確認できない	当該人物は掲載作家ではない（社内の照合先なし）	同一固有名詞の8言語を並べて比較。公式サイトに当該言語のページは検出できず
miwa-jusetsu	三輪 壽雪	collection	山口県立萩美術館・浦上記念館	浦上敏朗	館・施設	en	Hagi Uragami Museum, Yamaguchi Prefecture	Hagi Uragami	C	公式サイトを取得したが、英語の館名の記載を見つけられなかった	当該人物は掲載作家ではない（社内の照合先なし）	Wikidata P856→https://www.hum.pref.yamaguchi.lg.jp/（＋言語切替リンク）を取得し全文検索→英名0件
miwa-jusetsu	三輪 壽雪	collection	山口県立萩美術館・浦上記念館	浦上敏朗	館・施設	ko	야마구치현립 하기미술관·우라가미 기념관	야마구치현립 하기미술관 우라가미 기념관	C	★館の公式サイトに韓国語ページを検出できず、ハングル表記の根拠が確認できない（日本語の読みからの音写と推測されるが未確認）	本人ページにハングル表記の欄が無いため社内照合先なし	Wikidata P856→https://www.hum.pref.yamaguchi.lg.jp/（＋言語切替リンク）を取得し、韓国語ページの有無とハングル表記を全文検索
miwa-jusetsu	三輪 壽雪	collection	山口県立萩美術館・浦上記念館	浦上敏朗	館・施設	fr	Musée Hagi Uragami, préfecture de Yamaguchi	Hagi Uragami	C	当該言語の公式表記も英語の公式表記も確認できていない。人名部分は当社の英語表記と同一	当該人物は掲載作家ではない（社内の照合先なし）	公式サイト（https://www.hum.pref.yamaguchi.lg.jp/）に当該言語のページを検出できず（機械判定）。英語表記との一致で代替判定
miwa-jusetsu	三輪 壽雪	collection	山口県立萩美術館・浦上記念館	浦上敏朗	館・施設	es	Museo Hagi Uragami, prefectura de Yamaguchi	Hagi Uragami	C	当該言語の公式表記も英語の公式表記も確認できていない。人名部分は当社の英語表記と同一	当該人物は掲載作家ではない（社内の照合先なし）	公式サイト（https://www.hum.pref.yamaguchi.lg.jp/）に当該言語のページを検出できず（機械判定）。英語表記との一致で代替判定
miwa-jusetsu	三輪 壽雪	collection	山口県立萩美術館・浦上記念館	浦上敏朗	館・施設	de	Hagi-Uragami-Museum, Präfektur Yamaguchi	Hagi Uragami Präfektur	C	★人名部分の綴りが当社の英語表記（Hagi Uragami）と食い違う（Hagi Uragami Präfektur）。相違の根拠は確認できない	当該人物は掲載作家ではない（社内の照合先なし）	同一固有名詞の8言語を並べて比較。公式サイトに当該言語のページは検出できず
fujiwara-kei	藤原 啓	collection	藤原啓記念館	藤原啓	館・施設	en	Fujiwara Kei Memorial Museum	Fujiwara Kei	C	本便では公式サイトを特定できなかった	本人ページのローマ字と一致（Fujiwara/Kei）	Wikidataに該当項目／公式サイトURLの登録なし
fujiwara-kei	藤原 啓	collection	藤原啓記念館	藤原啓	館・施設	ko	후지와라 게이 기념관	후지와라 게이 기념관	C	★館の公式サイトに韓国語ページを検出できず、ハングル表記の根拠が確認できない（日本語の読みからの音写と推測されるが未確認）	本人ページにハングル表記の欄が無いため社内照合先なし	公式サイト未特定
fujiwara-kei	藤原 啓	collection	藤原啓記念館	藤原啓	館・施設	fr	Musée mémorial Fujiwara Kei	Fujiwara Kei	C	当該言語の公式表記も英語の公式表記も確認できていない。人名部分は当社の英語表記と同一	本人ページのローマ字と一致（Fujiwara/Kei）	公式サイトに当該言語のページを検出できず（機械判定）。英語表記との一致で代替判定
fujiwara-kei	藤原 啓	collection	藤原啓記念館	藤原啓	館・施設	es	Museo Conmemorativo Fujiwara Kei	Fujiwara Kei	C	当該言語の公式表記も英語の公式表記も確認できていない。人名部分は当社の英語表記と同一	本人ページのローマ字と一致（Fujiwara/Kei）	公式サイトに当該言語のページを検出できず（機械判定）。英語表記との一致で代替判定
fujiwara-kei	藤原 啓	collection	藤原啓記念館	藤原啓	館・施設	de	Fujiwara-Kei-Gedenkmuseum	Fujiwara Kei	C	当該言語の公式表記も英語の公式表記も確認できていない。人名部分は当社の英語表記と同一	本人ページのローマ字と一致（Fujiwara/Kei）	公式サイトに当該言語のページを検出できず（機械判定）。英語表記との一致で代替判定
fujiwara-yu	藤原 雄	collection	藤原啓記念館	藤原啓	館・施設	en	Fujiwara Kei Memorial Museum	Fujiwara Kei	C	本便では公式サイトを特定できなかった	本人ページのローマ字と一致（Fujiwara/Kei）	Wikidataに該当項目／公式サイトURLの登録なし
fujiwara-yu	藤原 雄	collection	藤原啓記念館	藤原啓	館・施設	ko	후지와라 게이 기념관	후지와라 게이 기념관	C	★館の公式サイトに韓国語ページを検出できず、ハングル表記の根拠が確認できない（日本語の読みからの音写と推測されるが未確認）	本人ページにハングル表記の欄が無いため社内照合先なし	公式サイト未特定
fujiwara-yu	藤原 雄	collection	藤原啓記念館	藤原啓	館・施設	fr	Musée commémoratif Fujiwara Kei	Fujiwara Kei	C	当該言語の公式表記も英語の公式表記も確認できていない。人名部分は当社の英語表記と同一	本人ページのローマ字と一致（Fujiwara/Kei）	公式サイトに当該言語のページを検出できず（機械判定）。英語表記との一致で代替判定
fujiwara-yu	藤原 雄	collection	藤原啓記念館	藤原啓	館・施設	es	Museo Conmemorativo Fujiwara Kei	Fujiwara Kei	C	当該言語の公式表記も英語の公式表記も確認できていない。人名部分は当社の英語表記と同一	本人ページのローマ字と一致（Fujiwara/Kei）	公式サイトに当該言語のページを検出できず（機械判定）。英語表記との一致で代替判定
fujiwara-yu	藤原 雄	collection	藤原啓記念館	藤原啓	館・施設	de	Fujiwara-Kei-Gedenkmuseum	Fujiwara Kei	C	当該言語の公式表記も英語の公式表記も確認できていない。人名部分は当社の英語表記と同一	本人ページのローマ字と一致（Fujiwara/Kei）	公式サイトに当該言語のページを検出できず（機械判定）。英語表記との一致で代替判定
kondo-yuzo	近藤 悠三	collection	近藤悠三記念館	近藤悠三	館・施設	en	Kondō Yūzō Memorial Museum	Kondō Yūzō	C	本便では公式サイトを特定できなかった	本人ページのローマ字と一致（Kondō/Yūzō）	Wikidataに該当項目／公式サイトURLの登録なし
kondo-yuzo	近藤 悠三	collection	近藤悠三記念館	近藤悠三	館・施設	ko	곤도 유조 기념관	곤도 유조 기념관	C	★館の公式サイトに韓国語ページを検出できず、ハングル表記の根拠が確認できない（日本語の読みからの音写と推測されるが未確認）	本人ページにハングル表記の欄が無いため社内照合先なし	公式サイト未特定
kondo-yuzo	近藤 悠三	collection	近藤悠三記念館	近藤悠三	館・施設	fr	Musée commémoratif Kondō Yūzō	Kondō Yūzō	C	当該言語の公式表記も英語の公式表記も確認できていない。人名部分は当社の英語表記と同一	本人ページのローマ字と一致（Kondō/Yūzō）	公式サイトに当該言語のページを検出できず（機械判定）。英語表記との一致で代替判定
kondo-yuzo	近藤 悠三	collection	近藤悠三記念館	近藤悠三	館・施設	es	Museo Conmemorativo Kondō Yūzō	Kondō Yūzō	C	当該言語の公式表記も英語の公式表記も確認できていない。人名部分は当社の英語表記と同一	本人ページのローマ字と一致（Kondō/Yūzō）	公式サイトに当該言語のページを検出できず（機械判定）。英語表記との一致で代替判定
kondo-yuzo	近藤 悠三	collection	近藤悠三記念館	近藤悠三	館・施設	de	Kondō-Yūzō-Gedenkmuseum	Kondō Yūzō	C	当該言語の公式表記も英語の公式表記も確認できていない。人名部分は当社の英語表記と同一	本人ページのローマ字と一致（Kondō/Yūzō）	公式サイトに当該言語のページを検出できず（機械判定）。英語表記との一致で代替判定
kamoda-shoji	加守田 章二	collection	菊池寛実記念智美術館	菊池寛実・菊池智	館・施設	ko	기쿠치 간지쓰 기념 도모미술관	기쿠치 간지쓰 기념 도모미술관	C	★館の公式サイトに韓国語ページを検出できず、ハングル表記の根拠が確認できない（日本語の読みからの音写と推測されるが未確認）	本人ページにハングル表記の欄が無いため社内照合先なし	Wikidata P856→https://www.musee-tomo.or.jp/（＋言語切替リンク）を取得し、韓国語ページの有無とハングル表記を全文検索
yagi-kazuo	八木 一夫	masterworks[0]	ザムザ氏の散歩	グレゴール・ザムザ（文学上の人物）	作品名	romaji	Zamuza-shi no Sanpo	Zamuza-shi no Sanpo	C	作品題名のローマ字表記の根拠（所蔵館・展覧会図録の欧文併記等）は本便では確認していない	題名のローマ字（ヘボン式・T17裁定の対象）。外部の公式表記との照合は本便では未実施	本便では未探索（前便T17のローマ字裁定＝ヘボン式の対象範囲）
yagi-kazuo	八木 一夫	masterworks[0]	ザムザ氏の散歩	グレゴール・ザムザ（文学上の人物）	作品名	en	Mr. Samsa's Walk	Samsa's Walk	C	本便では公式サイトを特定できなかった	当該人物は掲載作家ではない（社内の照合先なし）	Wikidataに該当項目／公式サイトURLの登録なし
serizawa-keisuke	芹沢 銈介	collection	静岡市立芹沢銈介美術館	芹沢銈介	館・施設	ko	시즈오카 시립 세리자와 게이스케 미술관	시즈오카 시립 세리자와 게이스케 미술관	C	★館の公式サイトに韓国語ページを検出できず、ハングル表記の根拠が確認できない（日本語の読みからの音写と推測されるが未確認）	本人ページにハングル表記の欄が無いため社内照合先なし	Wikidata P856→https://www.seribi.jp/（＋言語切替リンク）を取得し、韓国語ページの有無とハングル表記を全文検索
serizawa-keisuke	芹沢 銈介	collection	静岡市立芹沢銈介美術館	芹沢銈介	館・施設	de	Serizawa-Keisuke-Kunstmuseum der Stadt Shizuoka (The Shizuoka City Serizawa Keisuke Art Museum)	Serizawa Keisuke Serizawa Keisuke	C	★人名部分の綴りが当社の英語表記（Serizawa Keisuke）と食い違う（Serizawa Keisuke Serizawa Keisuke）。相違の根拠は確認できない	本人ページのローマ字と一致（Serizawa/Keisuke/Serizawa/Keisuke）	同一固有名詞の8言語を並べて比較。公式サイトに当該言語のページは検出できず
tatsumura-heizo	龍村 平蔵	collection	龍村美術織物	龍村平蔵	館・施設	en	Tatsumura Textile	Tatsumura	C	本便では公式サイトを特定できなかった	本人ページのローマ字と一致（Tatsumura）	Wikidataに該当項目／公式サイトURLの登録なし
tatsumura-heizo	龍村 平蔵	collection	龍村美術織物	龍村平蔵	館・施設	ko	다쓰무라 미술직물	다쓰무라 미술직물	C	★館の公式サイトに韓国語ページを検出できず、ハングル表記の根拠が確認できない（日本語の読みからの音写と推測されるが未確認）	本人ページにハングル表記の欄が無いため社内照合先なし	公式サイト未特定
tatsumura-heizo	龍村 平蔵	collection	龍村美術織物	龍村平蔵	館・施設	fr	Tatsumura Textile	Tatsumura	C	当該言語の公式表記も英語の公式表記も確認できていない。人名部分は当社の英語表記と同一	本人ページのローマ字と一致（Tatsumura）	公式サイトに当該言語のページを検出できず（機械判定）。英語表記との一致で代替判定
tatsumura-heizo	龍村 平蔵	collection	龍村美術織物	龍村平蔵	館・施設	es	Tatsumura Textile	Tatsumura	C	当該言語の公式表記も英語の公式表記も確認できていない。人名部分は当社の英語表記と同一	本人ページのローマ字と一致（Tatsumura）	公式サイトに当該言語のページを検出できず（機械判定）。英語表記との一致で代替判定
tatsumura-heizo	龍村 平蔵	collection	龍村美術織物	龍村平蔵	館・施設	de	Tatsumura Textile	Tatsumura	C	当該言語の公式表記も英語の公式表記も確認できていない。人名部分は当社の英語表記と同一	本人ページのローマ字と一致（Tatsumura）	公式サイトに当該言語のページを検出できず（機械判定）。英語表記との一致で代替判定
hirata-goyo	平田 郷陽	masterworks[1]	桜梅の少将	桜梅の少将（当方未特定）	作品名	romaji	Ōbai no Shōshō	Ōbai no Shōshō	C	作品題名のローマ字表記の根拠（所蔵館・展覧会図録の欧文併記等）は本便では確認していない	題名のローマ字（ヘボン式・T17裁定の対象）。外部の公式表記との照合は本便では未実施	本便では未探索（前便T17のローマ字裁定＝ヘボン式の対象範囲）
hirata-goyo	平田 郷陽	masterworks[1]	桜梅の少将	桜梅の少将（当方未特定）	作品名	en	The Young Captain of Cherry and Plum	Young Captain Cherry Plum	C	本便では公式サイトを特定できなかった	当該人物は掲載作家ではない（社内の照合先なし）	Wikidataに該当項目／公式サイトURLの登録なし
fujita-kyohei	藤田 喬平	collection	藤田喬平ガラス美術館(宮城)	藤田喬平	館・施設	en	Fujita Kyōhei Glass Art Museum (Miyagi)	Fujita Kyōhei	C	公式サイトを取得したが、英語の館名の記載を見つけられなかった	本人ページのローマ字と一致（Fujita/Kyōhei）	Wikidata P856→https://www.ichinobo.com/museum/（＋言語切替リンク）を取得し全文検索→英名0件
fujita-kyohei	藤田 喬平	collection	藤田喬平ガラス美術館(宮城)	藤田喬平	館・施設	ko	후지타 교헤이 유리미술관(미야기)	후지타 교헤이 유리미술관 미야기	C	★館の公式サイトに韓国語ページを検出できず、ハングル表記の根拠が確認できない（日本語の読みからの音写と推測されるが未確認）	本人ページにハングル表記の欄が無いため社内照合先なし	Wikidata P856→https://www.ichinobo.com/museum/（＋言語切替リンク）を取得し、韓国語ページの有無とハングル表記を全文検索
fujita-kyohei	藤田 喬平	collection	藤田喬平ガラス美術館(宮城)	藤田喬平	館・施設	fr	Musée du verre Fujita Kyōhei (Miyagi)	Fujita Kyōhei	C	当該言語の公式表記も英語の公式表記も確認できていない。人名部分は当社の英語表記と同一	本人ページのローマ字と一致（Fujita/Kyōhei）	公式サイト（https://www.ichinobo.com/museum/）に当該言語のページを検出できず（機械判定）。英語表記との一致で代替判定
fujita-kyohei	藤田 喬平	collection	藤田喬平ガラス美術館(宮城)	藤田喬平	館・施設	es	Museo del Vidrio Fujita Kyōhei (Miyagi)	Fujita Kyōhei	C	当該言語の公式表記も英語の公式表記も確認できていない。人名部分は当社の英語表記と同一	本人ページのローマ字と一致（Fujita/Kyōhei）	公式サイト（https://www.ichinobo.com/museum/）に当該言語のページを検出できず（機械判定）。英語表記との一致で代替判定
fujita-kyohei	藤田 喬平	collection	藤田喬平ガラス美術館(宮城)	藤田喬平	館・施設	de	Fujita-Kyohei-Glaskunstmuseum (Miyagi)	Fujita Kyohei	C	当該言語の公式表記も英語の公式表記も確認できていない。人名部分は当社の英語表記と同一	本人ページのローマ字と一致（Fujita/Kyohei）	公式サイト（https://www.ichinobo.com/museum/）に当該言語のページを検出できず（機械判定）。英語表記との一致で代替判定
namikawa-yasuyuki	並河 靖之	collection	並河靖之七宝記念館	並河靖之	館・施設	en	Namikawa Yasuyuki Cloisonné Museum	Namikawa Yasuyuki	C	公式サイトを取得したが、英語の館名の記載を見つけられなかった	本人ページのローマ字と一致（Namikawa/Yasuyuki）	Wikidata P856→http://www8.plala.or.jp/nayspo/（＋言語切替リンク）を取得し全文検索→英名0件
namikawa-yasuyuki	並河 靖之	collection	並河靖之七宝記念館	並河靖之	館・施設	ko	나미카와 야스유키 칠보기념관	나미카와 야스유키 칠보기념관	C	★館の公式サイトに韓国語ページを検出できず、ハングル表記の根拠が確認できない（日本語の読みからの音写と推測されるが未確認）	本人ページにハングル表記の欄が無いため社内照合先なし	Wikidata P856→http://www8.plala.or.jp/nayspo/（＋言語切替リンク）を取得し、韓国語ページの有無とハングル表記を全文検索
namikawa-yasuyuki	並河 靖之	collection	並河靖之七宝記念館	並河靖之	館・施設	fr	Musée commémoratif du cloisonné Namikawa Yasuyuki	Namikawa Yasuyuki	C	当該言語の公式表記も英語の公式表記も確認できていない。人名部分は当社の英語表記と同一	本人ページのローマ字と一致（Namikawa/Yasuyuki）	公式サイト（http://www8.plala.or.jp/nayspo/）に当該言語のページを検出できず（機械判定）。英語表記との一致で代替判定
namikawa-yasuyuki	並河 靖之	collection	並河靖之七宝記念館	並河靖之	館・施設	es	Museo Conmemorativo del Cloisonné Namikawa Yasuyuki	Namikawa Yasuyuki	C	当該言語の公式表記も英語の公式表記も確認できていない。人名部分は当社の英語表記と同一	本人ページのローマ字と一致（Namikawa/Yasuyuki）	公式サイト（http://www8.plala.or.jp/nayspo/）に当該言語のページを検出できず（機械判定）。英語表記との一致で代替判定
namikawa-yasuyuki	並河 靖之	collection	並河靖之七宝記念館	並河靖之	館・施設	de	Namikawa-Yasuyuki-Cloisonné-Museum	Namikawa Yasuyuki	C	当該言語の公式表記も英語の公式表記も確認できていない。人名部分は当社の英語表記と同一	本人ページのローマ字と一致（Namikawa/Yasuyuki）	公式サイト（http://www8.plala.or.jp/nayspo/）に当該言語のページを検出できず（機械判定）。英語表記との一致で代替判定
ueno-hikoma	上野 彦馬	masterworks[0]	坂本龍馬肖像	坂本龍馬	作品名	romaji	Sakamoto Ryōma Shōzō	Sakamoto Ryōma Shōzō	C	作品題名のローマ字表記の根拠（所蔵館・展覧会図録の欧文併記等）は本便では確認していない	題名のローマ字（ヘボン式・T17裁定の対象）。外部の公式表記との照合は本便では未実施	本便では未探索（前便T17のローマ字裁定＝ヘボン式の対象範囲）
ueno-hikoma	上野 彦馬	masterworks[0]	坂本龍馬肖像	坂本龍馬	作品名	en	Portrait of Sakamoto Ryōma	Portrait Sakamoto Ryōma	C	本便では公式サイトを特定できなかった	当該人物は掲載作家ではない（社内の照合先なし）	Wikidataに該当項目／公式サイトURLの登録なし
shimooka-renjo	下岡 蓮杖	masterworks[0]	徳川慶喜肖像	徳川慶喜	作品名	romaji	Tokugawa Yoshinobu Shōzō	Tokugawa Yoshinobu Shōzō	C	作品題名のローマ字表記の根拠（所蔵館・展覧会図録の欧文併記等）は本便では確認していない	題名のローマ字（ヘボン式・T17裁定の対象）。外部の公式表記との照合は本便では未実施	本便では未探索（前便T17のローマ字裁定＝ヘボン式の対象範囲）
shimooka-renjo	下岡 蓮杖	masterworks[0]	徳川慶喜肖像	徳川慶喜	作品名	en	Portrait of Tokugawa Yoshinobu	Portrait Tokugawa Yoshinobu	C	本便では公式サイトを特定できなかった	当該人物は掲載作家ではない（社内の照合先なし）	Wikidataに該当項目／公式サイトURLの登録なし
uchida-kuichi	内田 九一	masterworks[0]	明治天皇肖像	明治天皇	作品名	romaji	Meiji Tennō Shōzō	Meiji Tennō Shōzō	C	作品題名のローマ字表記の根拠（所蔵館・展覧会図録の欧文併記等）は本便では確認していない	題名のローマ字（ヘボン式・T17裁定の対象）。外部の公式表記との照合は本便では未実施	本便では未探索（前便T17のローマ字裁定＝ヘボン式の対象範囲）
uchida-kuichi	内田 九一	masterworks[0]	明治天皇肖像	明治天皇	作品名	en	Portrait of the Meiji Emperor	Portrait Meiji Emperor	C	本便では公式サイトを特定できなかった	当該人物は掲載作家ではない（社内の照合先なし）	Wikidataに該当項目／公式サイトURLの登録なし
uchida-kuichi	内田 九一	masterworks[1]	岩倉使節団関係写真	岩倉具視	作品名	romaji	Iwakura Shisetsudan Kankei Shashin	Iwakura Shisetsudan Kankei Shashin	C	作品題名のローマ字表記の根拠（所蔵館・展覧会図録の欧文併記等）は本便では確認していない	題名のローマ字（ヘボン式・T17裁定の対象）。外部の公式表記との照合は本便では未実施	本便では未探索（前便T17のローマ字裁定＝ヘボン式の対象範囲）
uchida-kuichi	内田 九一	masterworks[1]	岩倉使節団関係写真	岩倉具視	作品名	en	Photographs Relating to the Iwakura Mission	Photographs Relating Iwakura Mission	C	本便では公式サイトを特定できなかった	当該人物は掲載作家ではない（社内の照合先なし）	Wikidataに該当項目／公式サイトURLの登録なし
nojima-yasuzo	野島 康三	masterworks[1]	細川ちか子氏	細川ちか子	作品名	romaji	Hosokawa Chikako-shi	Hosokawa Chikako-shi	C	作品題名のローマ字表記の根拠（所蔵館・展覧会図録の欧文併記等）は本便では確認していない	題名のローマ字（ヘボン式・T17裁定の対象）。外部の公式表記との照合は本便では未実施	本便では未探索（前便T17のローマ字裁定＝ヘボン式の対象範囲）
nojima-yasuzo	野島 康三	masterworks[1]	細川ちか子氏	細川ちか子	作品名	en	Miss Hosokawa Chikako	Miss Hosokawa Chikako	C	本便では公式サイトを特定できなかった	当該人物は掲載作家ではない（社内の照合先なし）	Wikidataに該当項目／公式サイトURLの登録なし
domon-ken	土門 拳	collection	土門拳写真美術館（旧・土門拳記念館）	土門拳	館・施設	en	Ken Domon Museum of Photography	Ken Domon	C	本便では公式サイトを特定できなかった	本人ページのローマ字と一致（Ken/Domon）	Wikidataに該当項目／公式サイトURLの登録なし
domon-ken	土門 拳	collection	土門拳写真美術館（旧・土門拳記念館）	土門拳	館・施設	ko	도몬 겐 사진미술관(구 도몬 겐 기념관)	도몬 사진미술관 도몬 기념관	C	★館の公式サイトに韓国語ページを検出できず、ハングル表記の根拠が確認できない（日本語の読みからの音写と推測されるが未確認）	本人ページにハングル表記の欄が無いため社内照合先なし	公式サイト未特定
domon-ken	土門 拳	collection	土門拳写真美術館（旧・土門拳記念館）	土門拳	館・施設	fr	Ken Domon Museum of Photography	Ken Domon	C	当該言語の公式表記も英語の公式表記も確認できていない。人名部分は当社の英語表記と同一	本人ページのローマ字と一致（Ken/Domon）	公式サイトに当該言語のページを検出できず（機械判定）。英語表記との一致で代替判定
domon-ken	土門 拳	collection	土門拳写真美術館（旧・土門拳記念館）	土門拳	館・施設	es	Ken Domon Museum of Photography	Ken Domon	C	当該言語の公式表記も英語の公式表記も確認できていない。人名部分は当社の英語表記と同一	本人ページのローマ字と一致（Ken/Domon）	公式サイトに当該言語のページを検出できず（機械判定）。英語表記との一致で代替判定
domon-ken	土門 拳	collection	土門拳写真美術館（旧・土門拳記念館）	土門拳	館・施設	de	Ken Domon Museum of Photography	Ken Domon	C	当該言語の公式表記も英語の公式表記も確認できていない。人名部分は当社の英語表記と同一	本人ページのローマ字と一致（Ken/Domon）	公式サイトに当該言語のページを検出できず（機械判定）。英語表記との一致で代替判定
hayashi-tadahiko	林 忠彦	collection	林忠彦記念館	林忠彦	館・施設	en	Hayashi Tadahiko Memorial Museum	Hayashi Tadahiko	C	本便では公式サイトを特定できなかった	本人ページのローマ字と一致（Hayashi/Tadahiko）	Wikidataに該当項目／公式サイトURLの登録なし
hayashi-tadahiko	林 忠彦	collection	林忠彦記念館	林忠彦	館・施設	ko	하야시 다다히코 기념관	하야시 다다히코 기념관	C	★館の公式サイトに韓国語ページを検出できず、ハングル表記の根拠が確認できない（日本語の読みからの音写と推測されるが未確認）	本人ページにハングル表記の欄が無いため社内照合先なし	公式サイト未特定
hayashi-tadahiko	林 忠彦	collection	林忠彦記念館	林忠彦	館・施設	fr	musée commémoratif Hayashi Tadahiko	Hayashi Tadahiko	C	当該言語の公式表記も英語の公式表記も確認できていない。人名部分は当社の英語表記と同一	本人ページのローマ字と一致（Hayashi/Tadahiko）	公式サイトに当該言語のページを検出できず（機械判定）。英語表記との一致で代替判定
hayashi-tadahiko	林 忠彦	collection	林忠彦記念館	林忠彦	館・施設	es	Museo Conmemorativo Hayashi Tadahiko	Hayashi Tadahiko	C	当該言語の公式表記も英語の公式表記も確認できていない。人名部分は当社の英語表記と同一	本人ページのローマ字と一致（Hayashi/Tadahiko）	公式サイトに当該言語のページを検出できず（機械判定）。英語表記との一致で代替判定
hayashi-tadahiko	林 忠彦	collection	林忠彦記念館	林忠彦	館・施設	de	Gedenkmuseum Hayashi Tadahiko	Hayashi Tadahiko	C	当該言語の公式表記も英語の公式表記も確認できていない。人名部分は当社の英語表記と同一	本人ページのローマ字と一致（Hayashi/Tadahiko）	公式サイトに当該言語のページを検出できず（機械判定）。英語表記との一致で代替判定
hayashi-tadahiko	林 忠彦	masterworks[2]	太宰治像	太宰治	作品名	romaji	Dazai Osamu-zō	Dazai Osamu-zō	C	作品題名のローマ字表記の根拠（所蔵館・展覧会図録の欧文併記等）は本便では確認していない	題名のローマ字（ヘボン式・T17裁定の対象）。外部の公式表記との照合は本便では未実施	本便では未探索（前便T17のローマ字裁定＝ヘボン式の対象範囲）
hayashi-tadahiko	林 忠彦	masterworks[2]	太宰治像	太宰治	作品名	en	Portrait of Dazai Osamu	Portrait Dazai Osamu	C	本便では公式サイトを特定できなかった	当該人物は掲載作家ではない（社内の照合先なし）	Wikidataに該当項目／公式サイトURLの登録なし
ueda-shoji	植田 正治	collection	植田正治写真美術館	植田正治	館・施設	en	Shoji Ueda Museum of Photography	Shoji Ueda	C	公式サイトを取得したが、英語の館名の記載を見つけられなかった	本人ページのローマ字と一致（Shoji/Ueda）	Wikidata P856→http://www.houki-town.jp/ueda/（＋言語切替リンク）を取得し全文検索→英名0件
ueda-shoji	植田 正治	collection	植田正治写真美術館	植田正治	館・施設	ko	우에다 쇼지 사진미술관	우에다 쇼지 사진미술관	C	★館の公式サイトに韓国語ページを検出できず、ハングル表記の根拠が確認できない（日本語の読みからの音写と推測されるが未確認）	本人ページにハングル表記の欄が無いため社内照合先なし	Wikidata P856→http://www.houki-town.jp/ueda/（＋言語切替リンク）を取得し、韓国語ページの有無とハングル表記を全文検索
ueda-shoji	植田 正治	collection	植田正治写真美術館	植田正治	館・施設	fr	Musée de la photographie Shoji Ueda	Shoji Ueda	C	当該言語の公式表記も英語の公式表記も確認できていない。人名部分は当社の英語表記と同一	本人ページのローマ字と一致（Shoji/Ueda）	公式サイト（http://www.houki-town.jp/ueda/）に当該言語のページを検出できず（機械判定）。英語表記との一致で代替判定
ueda-shoji	植田 正治	collection	植田正治写真美術館	植田正治	館・施設	es	Museo de Fotografía Shoji Ueda	Shoji Ueda	C	当該言語の公式表記も英語の公式表記も確認できていない。人名部分は当社の英語表記と同一	本人ページのローマ字と一致（Shoji/Ueda）	公式サイト（http://www.houki-town.jp/ueda/）に当該言語のページを検出できず（機械判定）。英語表記との一致で代替判定
ueda-shoji	植田 正治	collection	植田正治写真美術館	植田正治	館・施設	de	Shoji Ueda Museum of Photography	Shoji Ueda	C	当該言語の公式表記も英語の公式表記も確認できていない。人名部分は当社の英語表記と同一	本人ページのローマ字と一致（Shoji/Ueda）	公式サイト（http://www.houki-town.jp/ueda/）に当該言語のページを検出できず（機械判定）。英語表記との一致で代替判定
irie-taikichi	入江 泰吉	collection	入江泰吉記念奈良市写真美術館	入江泰吉	館・施設	en	Irie Taikichi Memorial Museum of Photography Nara City	Irie Taikichi	C	本便では公式サイトを特定できなかった	本人ページのローマ字と一致（Irie/Taikichi）	Wikidataに該当項目／公式サイトURLの登録なし
irie-taikichi	入江 泰吉	collection	入江泰吉記念奈良市写真美術館	入江泰吉	館・施設	ko	이리에 다이키치 기념 나라시 사진미술관	이리에 다이키치 기념 나라시 사진미술관	C	★館の公式サイトに韓国語ページを検出できず、ハングル表記の根拠が確認できない（日本語の読みからの音写と推測されるが未確認）	本人ページにハングル表記の欄が無いため社内照合先なし	公式サイト未特定
irie-taikichi	入江 泰吉	collection	入江泰吉記念奈良市写真美術館	入江泰吉	館・施設	fr	Musée commémoratif de la photographie Irie Taikichi de la ville de Nara	Irie Taikichi	C	当該言語の公式表記も英語の公式表記も確認できていない。人名部分は当社の英語表記と同一	本人ページのローマ字と一致（Irie/Taikichi）	公式サイトに当該言語のページを検出できず（機械判定）。英語表記との一致で代替判定
irie-taikichi	入江 泰吉	collection	入江泰吉記念奈良市写真美術館	入江泰吉	館・施設	es	Museo Conmemorativo de Fotografía Irie Taikichi de la Ciudad de Nara	Irie Taikichi	C	当該言語の公式表記も英語の公式表記も確認できていない。人名部分は当社の英語表記と同一	本人ページのローマ字と一致（Irie/Taikichi）	公式サイトに当該言語のページを検出できず（機械判定）。英語表記との一致で代替判定
irie-taikichi	入江 泰吉	collection	入江泰吉記念奈良市写真美術館	入江泰吉	館・施設	de	Irie Taikichi Memorial Museum of Photography Nara City	Irie Taikichi	C	当該言語の公式表記も英語の公式表記も確認できていない。人名部分は当社の英語表記と同一	本人ページのローマ字と一致（Irie/Taikichi）	公式サイトに当該言語のページを検出できず（機械判定）。英語表記との一致で代替判定
otsuji-kiyoji	大辻 清司	masterworks[0]	大辻清司実験室	大辻清司	作品名	romaji	Ōtsuji Kiyoji Jikkenshitsu	Ōtsuji Kiyoji Jikkenshitsu	C	作品題名のローマ字表記の根拠（所蔵館・展覧会図録の欧文併記等）は本便では確認していない	題名のローマ字（ヘボン式・T17裁定の対象）。外部の公式表記との照合は本便では未実施	本便では未探索（前便T17のローマ字裁定＝ヘボン式の対象範囲）
otsuji-kiyoji	大辻 清司	masterworks[0]	大辻清司実験室	大辻清司	作品名	en	The Otsuji Kiyoji Laboratory	Otsuji Kiyoji	C	本便では公式サイトを特定できなかった	本人ページのローマ字と一致（Otsuji/Kiyoji）	Wikidataに該当項目／公式サイトURLの登録なし
fukase-masahisa	深瀬 昌久	masterworks[2]	洋子	洋子（人名・当方未特定）	作品名	romaji	Yōko	Yōko	C	作品題名のローマ字表記の根拠（所蔵館・展覧会図録の欧文併記等）は本便では確認していない	題名のローマ字（ヘボン式・T17裁定の対象）。外部の公式表記との照合は本便では未実施	本便では未探索（前便T17のローマ字裁定＝ヘボン式の対象範囲）
fukase-masahisa	深瀬 昌久	masterworks[2]	洋子	洋子（人名・当方未特定）	作品名	en	Yoko	Yoko	C	本便では公式サイトを特定できなかった	当該人物は掲載作家ではない（社内の照合先なし）	Wikidataに該当項目／公式サイトURLの登録なし
tabuchi-yukio	田淵 行男	collection	田淵行男記念館	田淵行男	館・施設	en	Tabuchi Yukio Memorial Museum	Tabuchi Yukio	C	公式サイトを取得したが、英語の館名の記載を見つけられなかった	本人ページのローマ字と一致（Tabuchi/Yukio）	Wikidata P856→http://azumino-bunka.com/facility/tabuchi-museum/（＋言語切替リンク）を取得し全文検索→英名0件
tabuchi-yukio	田淵 行男	collection	田淵行男記念館	田淵行男	館・施設	ko	다부치 유키오 기념관	다부치 유키오 기념관	C	★館の公式サイトに韓国語ページを検出できず、ハングル表記の根拠が確認できない（日本語の読みからの音写と推測されるが未確認）	本人ページにハングル表記の欄が無いため社内照合先なし	Wikidata P856→http://azumino-bunka.com/facility/tabuchi-museum/（＋言語切替リンク）を取得し、韓国語ページの有無とハングル表記を全文検索
tabuchi-yukio	田淵 行男	collection	田淵行男記念館	田淵行男	館・施設	fr	Musée commémoratif Tabuchi Yukio	Tabuchi Yukio	C	当該言語の公式表記も英語の公式表記も確認できていない。人名部分は当社の英語表記と同一	本人ページのローマ字と一致（Tabuchi/Yukio）	公式サイト（http://azumino-bunka.com/facility/tabuchi-museum/）に当該言語のページを検出できず（機械判定）。英語表記との一致で代替判定
tabuchi-yukio	田淵 行男	collection	田淵行男記念館	田淵行男	館・施設	es	Museo Conmemorativo Tabuchi Yukio	Tabuchi Yukio	C	当該言語の公式表記も英語の公式表記も確認できていない。人名部分は当社の英語表記と同一	本人ページのローマ字と一致（Tabuchi/Yukio）	公式サイト（http://azumino-bunka.com/facility/tabuchi-museum/）に当該言語のページを検出できず（機械判定）。英語表記との一致で代替判定
tabuchi-yukio	田淵 行男	collection	田淵行男記念館	田淵行男	館・施設	de	Tabuchi Yukio Memorial Museum	Tabuchi Yukio	C	当該言語の公式表記も英語の公式表記も確認できていない。人名部分は当社の英語表記と同一	本人ページのローマ字と一致（Tabuchi/Yukio）	公式サイト（http://azumino-bunka.com/facility/tabuchi-museum/）に当該言語のページを検出できず（機械判定）。英語表記との一致で代替判定
maeda-shinzo	前田 真三	collection	拓真館	前田真三	館・施設	en	Takushinkan	Takushinkan	C	公式サイトを取得したが、英語の館名の記載を見つけられなかった	★本人ページのローマ字（Maeda Shinzō）と語が一致しない	Wikidata P856→http://imagemaker.iinaa.net/（＋言語切替リンク）を取得し全文検索→英名0件
maeda-shinzo	前田 真三	collection	拓真館	前田真三	館・施設	ko	다쿠신칸	다쿠신칸	C	★館の公式サイトに韓国語ページを検出できず、ハングル表記の根拠が確認できない（日本語の読みからの音写と推測されるが未確認）	本人ページにハングル表記の欄が無いため社内照合先なし	Wikidata P856→http://imagemaker.iinaa.net/（＋言語切替リンク）を取得し、韓国語ページの有無とハングル表記を全文検索
maeda-shinzo	前田 真三	collection	拓真館	前田真三	館・施設	fr	Takushinkan	Takushinkan	C	当該言語の公式表記も英語の公式表記も確認できていない。人名部分は当社の英語表記と同一	★本人ページのローマ字（Maeda Shinzō）と語が一致しない	公式サイト（http://imagemaker.iinaa.net/）に当該言語のページを検出できず（機械判定）。英語表記との一致で代替判定
maeda-shinzo	前田 真三	collection	拓真館	前田真三	館・施設	es	Takushinkan	Takushinkan	C	当該言語の公式表記も英語の公式表記も確認できていない。人名部分は当社の英語表記と同一	★本人ページのローマ字（Maeda Shinzō）と語が一致しない	公式サイト（http://imagemaker.iinaa.net/）に当該言語のページを検出できず（機械判定）。英語表記との一致で代替判定
maeda-shinzo	前田 真三	collection	拓真館	前田真三	館・施設	de	Takushinkan	Takushinkan	C	当該言語の公式表記も英語の公式表記も確認できていない。人名部分は当社の英語表記と同一	★本人ページのローマ字（Maeda Shinzō）と語が一致しない	公式サイト（http://imagemaker.iinaa.net/）に当該言語のページを検出できず（機械判定）。英語表記との一致で代替判定
miki-jun	三木 淳	masterworks[0]	吉田茂首相	吉田茂	作品名	romaji	Yoshida Shigeru Shushō	Yoshida Shigeru Shushō	C	作品題名のローマ字表記の根拠（所蔵館・展覧会図録の欧文併記等）は本便では確認していない	題名のローマ字（ヘボン式・T17裁定の対象）。外部の公式表記との照合は本便では未実施	本便では未探索（前便T17のローマ字裁定＝ヘボン式の対象範囲）
miki-jun	三木 淳	masterworks[0]	吉田茂首相	吉田茂	作品名	en	Prime Minister Yoshida Shigeru	Prime Minister Yoshida Shigeru	C	本便では公式サイトを特定できなかった	当該人物は掲載作家ではない（社内の照合先なし）	Wikidataに該当項目／公式サイトURLの登録なし
hoshino-michio	星野 道夫	masterworks[1]	ナヌークの贈りもの	ナヌーク（記録映画の人物名）	作品名	romaji	Nanūku no Okurimono	Nanūku no Okurimono	C	作品題名のローマ字表記の根拠（所蔵館・展覧会図録の欧文併記等）は本便では確認していない	題名のローマ字（ヘボン式・T17裁定の対象）。外部の公式表記との照合は本便では未実施	本便では未探索（前便T17のローマ字裁定＝ヘボン式の対象範囲）
hoshino-michio	星野 道夫	masterworks[1]	ナヌークの贈りもの	ナヌーク（記録映画の人物名）	作品名	en	Nanook's Gift	Nanook's Gift	C	本便では公式サイトを特定できなかった	当該人物は掲載作家ではない（社内の照合先なし）	Wikidataに該当項目／公式サイトURLの登録なし
sugiura-hisui	杉浦 非水	masterworks[1]	非水創作図案集	杉浦非水	作品名	romaji	Hisui Sōsaku Zuanshū	Hisui Sōsaku Zuanshū	C	作品題名のローマ字表記の根拠（所蔵館・展覧会図録の欧文併記等）は本便では確認していない	題名のローマ字（ヘボン式・T17裁定の対象）。外部の公式表記との照合は本便では未実施	本便では未探索（前便T17のローマ字裁定＝ヘボン式の対象範囲）
sugiura-hisui	杉浦 非水	masterworks[1]	非水創作図案集	杉浦非水	作品名	en	Hisui's Collection of Original Designs	Hisui's Original Designs	C	本便では公式サイトを特定できなかった	★本人ページのローマ字（Sugiura Hisui）と語が一致しない	Wikidataに該当項目／公式サイトURLの登録なし
fukuda-shigeo	福田 繁雄	collection	福田繁雄デザイン館	福田繁雄	館・施設	en	Shigeo Fukuda Design Museum	Shigeo Fukuda	C	本便では公式サイトを特定できなかった	本人ページのローマ字と一致（Shigeo/Fukuda）	Wikidataに該当項目／公式サイトURLの登録なし
fukuda-shigeo	福田 繁雄	collection	福田繁雄デザイン館	福田繁雄	館・施設	ko	후쿠다 시게오 디자인관	후쿠다 시게오 디자인관	C	★館の公式サイトに韓国語ページを検出できず、ハングル表記の根拠が確認できない（日本語の読みからの音写と推測されるが未確認）	本人ページにハングル表記の欄が無いため社内照合先なし	公式サイト未特定
fukuda-shigeo	福田 繁雄	collection	福田繁雄デザイン館	福田繁雄	館・施設	fr	Shigeo Fukuda Design Museum	Shigeo Fukuda	C	当該言語の公式表記も英語の公式表記も確認できていない。人名部分は当社の英語表記と同一	本人ページのローマ字と一致（Shigeo/Fukuda）	公式サイトに当該言語のページを検出できず（機械判定）。英語表記との一致で代替判定
fukuda-shigeo	福田 繁雄	collection	福田繁雄デザイン館	福田繁雄	館・施設	es	Shigeo Fukuda Design Museum	Shigeo Fukuda	C	当該言語の公式表記も英語の公式表記も確認できていない。人名部分は当社の英語表記と同一	本人ページのローマ字と一致（Shigeo/Fukuda）	公式サイトに当該言語のページを検出できず（機械判定）。英語表記との一致で代替判定
fukuda-shigeo	福田 繁雄	collection	福田繁雄デザイン館	福田繁雄	館・施設	de	Shigeo Fukuda Design Museum	Shigeo Fukuda	C	当該言語の公式表記も英語の公式表記も確認できていない。人名部分は当社の英語表記と同一	本人ページのローマ字と一致（Shigeo/Fukuda）	公式サイトに当該言語のページを検出できず（機械判定）。英語表記との一致で代替判定
manabe-hiroshi	真鍋 博	masterworks[0]	星新一作品の挿絵	星新一	作品名	romaji	Hoshi Shin'ichi sakuhin no sashie	Hoshi Shin'ichi sakuhin no sashie	C	作品題名のローマ字表記の根拠（所蔵館・展覧会図録の欧文併記等）は本便では確認していない	題名のローマ字（ヘボン式・T17裁定の対象）。外部の公式表記との照合は本便では未実施	本便では未探索（前便T17のローマ字裁定＝ヘボン式の対象範囲）
manabe-hiroshi	真鍋 博	masterworks[0]	星新一作品の挿絵	星新一	作品名	en	Illustrations for Shinichi Hoshi's works	Illustrations for Shinichi Hoshi's works	C	本便では公式サイトを特定できなかった	当該人物は掲載作家ではない（社内の照合先なし）	Wikidataに該当項目／公式サイトURLの登録なし
imatake-shichiro	今竹 七郎	collection	西宮市大谷記念美術館	大谷竹次郎	館・施設	ko	니시노미야시 오타니 기념미술관	니시노미야시 오타니 기념미술관	C	★館の公式サイトに韓国語ページを検出できず、ハングル表記の根拠が確認できない（日本語の読みからの音写と推測されるが未確認）	本人ページにハングル表記の欄が無いため社内照合先なし	Wikidata P856→http://otanimuseum.jp/（＋言語切替リンク）を取得し、韓国語ページの有無とハングル表記を全文検索
imatake-shichiro	今竹 七郎	collection	西宮市大谷記念美術館	大谷竹次郎	館・施設	fr	Musée commémoratif d'art Otani, Nishinomiya	d'art Otani	C	★人名部分の綴りが当社の英語表記（Otani）と食い違う（d'art Otani）。相違の根拠は確認できない	当該人物は掲載作家ではない（社内の照合先なし）	同一固有名詞の8言語を並べて比較。公式サイトに当該言語のページは検出できず
imatake-shichiro	今竹 七郎	collection	西宮市大谷記念美術館	大谷竹次郎	館・施設	es	Museo Conmemorativo de Arte Otani, Nishinomiya	Arte Otani	C	★人名部分の綴りが当社の英語表記（Otani）と食い違う（Arte Otani）。相違の根拠は確認できない	当該人物は掲載作家ではない（社内の照合先なし）	同一固有名詞の8言語を並べて比較。公式サイトに当該言語のページは検出できず
imatake-shichiro	今竹 七郎	collection	西宮市大谷記念美術館	大谷竹次郎	館・施設	de	Otani-Gedächtnis-Kunstmuseum, Nishinomiya	Otani Gedächtnis	C	★人名部分の綴りが当社の英語表記（Otani）と食い違う（Otani Gedächtnis）。相違の根拠は確認できない	当該人物は掲載作家ではない（社内の照合先なし）	同一固有名詞の8言語を並べて比較。公式サイトに当該言語のページは検出できず
akioka-yoshio	秋岡 芳夫	collection	置戸町（秋岡コレクション）	秋岡芳夫	館・施設	en	Oketo Town (Akioka Collection)	Akioka	C	公式サイトを取得したが、英語の館名の記載を見つけられなかった	本人ページのローマ字と一致（Akioka）	Wikidata P856→https://www.town.oketo.hokkaido.jp/（＋言語切替リンク）を取得し全文検索→英名0件
akioka-yoshio	秋岡 芳夫	collection	置戸町（秋岡コレクション）	秋岡芳夫	館・施設	ko	오케토초(아키오카 컬렉션)	오케토초 아키오카 컬렉션	C	★館の公式サイトに韓国語ページを検出できず、ハングル表記の根拠が確認できない（日本語の読みからの音写と推測されるが未確認）	本人ページにハングル表記の欄が無いため社内照合先なし	Wikidata P856→https://www.town.oketo.hokkaido.jp/（＋言語切替リンク）を取得し、韓国語ページの有無とハングル表記を全文検索
akioka-yoshio	秋岡 芳夫	collection	置戸町（秋岡コレクション）	秋岡芳夫	館・施設	fr	bourg d'Oketo (collection Akioka)	Akioka	C	当該言語の公式表記も英語の公式表記も確認できていない。人名部分は当社の英語表記と同一	本人ページのローマ字と一致（Akioka）	公式サイト（https://www.town.oketo.hokkaido.jp/）に当該言語のページを検出できず（機械判定）。英語表記との一致で代替判定
akioka-yoshio	秋岡 芳夫	collection	置戸町（秋岡コレクション）	秋岡芳夫	館・施設	es	villa de Oketo (Colección Akioka)	Akioka	C	当該言語の公式表記も英語の公式表記も確認できていない。人名部分は当社の英語表記と同一	本人ページのローマ字と一致（Akioka）	公式サイト（https://www.town.oketo.hokkaido.jp/）に当該言語のページを検出できず（機械判定）。英語表記との一致で代替判定
akioka-yoshio	秋岡 芳夫	collection	置戸町（秋岡コレクション）	秋岡芳夫	館・施設	de	Gemeinde Oketo (Akioka-Sammlung)	Akioka	C	当該言語の公式表記も英語の公式表記も確認できていない。人名部分は当社の英語表記と同一	本人ページのローマ字と一致（Akioka）	公式サイト（https://www.town.oketo.hokkaido.jp/）に当該言語のページを検出できず（機械判定）。英語表記との一致で代替判定
kuramata-shiro	倉俣 史朗	masterworks[0]	ミス・ブランチ	ブランチ・デュボワ（戯曲の登場人物）	作品名	romaji	Miss Blanche	Miss Blanche	C	作品題名のローマ字表記の根拠（所蔵館・展覧会図録の欧文併記等）は本便では確認していない	題名のローマ字（ヘボン式・T17裁定の対象）。外部の公式表記との照合は本便では未実施	本便では未探索（前便T17のローマ字裁定＝ヘボン式の対象範囲）
kuramata-shiro	倉俣 史朗	masterworks[0]	ミス・ブランチ	ブランチ・デュボワ（戯曲の登場人物）	作品名	en	Miss Blanche	Miss Blanche	C	本便では公式サイトを特定できなかった	当該人物は掲載作家ではない（社内の照合先なし）	Wikidataに該当項目／公式サイトURLの登録なし
takada-kenzo	高田 賢三	masterworks[0]	KENZOのコレクション	高田賢三	作品名	romaji	KENZO no korekushon	KENZO no korekushon	C	作品題名のローマ字表記の根拠（所蔵館・展覧会図録の欧文併記等）は本便では確認していない	題名のローマ字（ヘボン式・T17裁定の対象）。外部の公式表記との照合は本便では未実施	本便では未探索（前便T17のローマ字裁定＝ヘボン式の対象範囲）
takada-kenzo	高田 賢三	masterworks[0]	KENZOのコレクション	高田賢三	作品名	en	KENZO collections	KENZO	C	本便では公式サイトを特定できなかった	本人ページのローマ字と一致（KENZO）	Wikidataに該当項目／公式サイトURLの登録なし
tanaka-chiyo	田中 千代	masterworks[0]	田中千代学園の創立	田中千代	作品名	romaji	Tanaka Chiyo Gakuen no sōritsu	Tanaka Chiyo Gakuen no sōritsu	C	作品題名のローマ字表記の根拠（所蔵館・展覧会図録の欧文併記等）は本便では確認していない	題名のローマ字（ヘボン式・T17裁定の対象）。外部の公式表記との照合は本便では未実施	本便では未探索（前便T17のローマ字裁定＝ヘボン式の対象範囲）
tanaka-chiyo	田中 千代	masterworks[0]	田中千代学園の創立	田中千代	作品名	en	Founding of the Tanaka Chiyo Gakuen school	Tanaka Chiyo	C	本便では公式サイトを特定できなかった	本人ページのローマ字と一致（Tanaka/Chiyo）	Wikidataに該当項目／公式サイトURLの登録なし
tanaka-chiyo	田中 千代	masterworks[1]	田中千代服飾事典	田中千代	作品名	romaji	Tanaka Chiyo Fukushoku Jiten	Tanaka Chiyo Fukushoku Jiten	C	作品題名のローマ字表記の根拠（所蔵館・展覧会図録の欧文併記等）は本便では確認していない	題名のローマ字（ヘボン式・T17裁定の対象）。外部の公式表記との照合は本便では未実施	本便では未探索（前便T17のローマ字裁定＝ヘボン式の対象範囲）
tanaka-chiyo	田中 千代	masterworks[1]	田中千代服飾事典	田中千代	作品名	en	Tanaka Chiyo Encyclopaedia of Dress	Tanaka Chiyo	C	本便では公式サイトを特定できなかった	本人ページのローマ字と一致（Tanaka/Chiyo）	Wikidataに該当項目／公式サイトURLの登録なし
taro-okamoto	岡本 太郎	collection	川崎市岡本太郎美術館	岡本太郎	館・施設	en	Taro Okamoto Museum of Art, Kawasaki	Taro Okamoto	C	公式サイトを取得したが、英語の館名の記載を見つけられなかった	本人ページのローマ字と一致（Taro/Okamoto）	Wikidata P856→https://www.taromuseum.jp/（＋言語切替リンク）を取得し全文検索→英名0件
taro-okamoto	岡本 太郎	collection	川崎市岡本太郎美術館	岡本太郎	館・施設	ko	가와사키시 오카모토 다로 미술관	가와사키시 오카모토 다로 미술관	C	★館の公式サイトに韓国語ページを検出できず、ハングル表記の根拠が確認できない（日本語の読みからの音写と推測されるが未確認）	本人ページにハングル表記の欄が無いため社内照合先なし	Wikidata P856→https://www.taromuseum.jp/（＋言語切替リンク）を取得し、韓国語ページの有無とハングル表記を全文検索
taro-okamoto	岡本 太郎	collection	川崎市岡本太郎美術館	岡本太郎	館・施設	fr	Musée d'art Taro Okamoto, Kawasaki	Taro Okamoto	C	当該言語の公式表記も英語の公式表記も確認できていない。人名部分は当社の英語表記と同一	本人ページのローマ字と一致（Taro/Okamoto）	公式サイト（https://www.taromuseum.jp/）に当該言語のページを検出できず（機械判定）。英語表記との一致で代替判定
taro-okamoto	岡本 太郎	collection	川崎市岡本太郎美術館	岡本太郎	館・施設	es	Museo de Arte Taro Okamoto, Kawasaki	Taro Okamoto	C	当該言語の公式表記も英語の公式表記も確認できていない。人名部分は当社の英語表記と同一	本人ページのローマ字と一致（Taro/Okamoto）	公式サイト（https://www.taromuseum.jp/）に当該言語のページを検出できず（機械判定）。英語表記との一致で代替判定
taro-okamoto	岡本 太郎	collection	川崎市岡本太郎美術館	岡本太郎	館・施設	de	Taro-Okamoto-Kunstmuseum, Kawasaki	Taro Okamoto	C	当該言語の公式表記も英語の公式表記も確認できていない。人名部分は当社の英語表記と同一	本人ページのローマ字と一致（Taro/Okamoto）	公式サイト（https://www.taromuseum.jp/）に当該言語のページを検出できず（機械判定）。英語表記との一致で代替判定
genpei-akasegawa	赤瀬川 原平	masterworks[2]	超芸術トマソン	ゲーリー・トマソン	作品名	romaji	Chōgeijutsu Tomason	Chōgeijutsu Tomason	C	作品題名のローマ字表記の根拠（所蔵館・展覧会図録の欧文併記等）は本便では確認していない	題名のローマ字（ヘボン式・T17裁定の対象）。外部の公式表記との照合は本便では未実施	本便では未探索（前便T17のローマ字裁定＝ヘボン式の対象範囲）
genpei-akasegawa	赤瀬川 原平	masterworks[2]	超芸術トマソン	ゲーリー・トマソン	作品名	en	Hyperart Thomasson	Hyperart Thomasson	C	本便では公式サイトを特定できなかった	当該人物は掲載作家ではない（社内の照合先なし）	Wikidataに該当項目／公式サイトURLの登録なし
kokuta-suda	須田 剋太	collection	司馬遼太郎記念館	司馬遼太郎	館・施設	ko	시바 료타로 기념관	시바 료타로 기념관	C	★館の公式サイトに韓国語ページを検出できず、ハングル表記の根拠が確認できない（日本語の読みからの音写と推測されるが未確認）	本人ページにハングル表記の欄が無いため社内照合先なし	Wikidata P856→https://www.shibazaidan.or.jp/（＋言語切替リンク）を取得し、韓国語ページの有無とハングル表記を全文検索
shigeko-kubota	久保田 成子	masterworks[1]	デュシャンピアナ	マルセル・デュシャン	作品名	romaji	Dyushanpiana	Dyushanpiana	C	作品題名のローマ字表記の根拠（所蔵館・展覧会図録の欧文併記等）は本便では確認していない	題名のローマ字（ヘボン式・T17裁定の対象）。外部の公式表記との照合は本便では未実施	本便では未探索（前便T17のローマ字裁定＝ヘボン式の対象範囲）
shigeko-kubota	久保田 成子	masterworks[1]	デュシャンピアナ	マルセル・デュシャン	作品名	en	Duchampiana	Duchampiana	C	本便では公式サイトを特定できなかった	当該人物は掲載作家ではない（社内の照合先なし）	Wikidataに該当項目／公式サイトURLの登録なし
hirafuku-hyakusui	平福 百穂	masterworks[0]	豫譲	豫譲	作品名	romaji	Yojō	Yojō	C	作品題名のローマ字表記の根拠（所蔵館・展覧会図録の欧文併記等）は本便では確認していない	題名のローマ字（ヘボン式・T17裁定の対象）。外部の公式表記との照合は本便では未実施	本便では未探索（前便T17のローマ字裁定＝ヘボン式の対象範囲）
hirafuku-hyakusui	平福 百穂	masterworks[0]	豫譲	豫譲	作品名	en	Yu Rang	Rang	C	本便では公式サイトを特定できなかった	当該人物は掲載作家ではない（社内の照合先なし）	Wikidataに該当項目／公式サイトURLの登録なし
kosugi-hoan	小杉 放菴	collection	小杉放菴記念日光美術館	小杉放菴	館・施設	ko	고스기 호안 기념 닛코미술관	고스기 호안 기념 닛코미술관	C	★館の公式サイトに韓国語ページを検出できず、ハングル表記の根拠が確認できない（日本語の読みからの音写と推測されるが未確認）	本人ページにハングル表記の欄が無いため社内照合先なし	Wikidata P856→https://www.khmoan.jp/（＋言語切替リンク）を取得し、韓国語ページの有無とハングル表記を全文検索
okuda-genso	奥田 元宋	collection	奥田元宋・小由女美術館	奥田元宋・奥田小由女	館・施設	en	Okuda Gensō Sayume Art Museum	Okuda Gensō	C	公式サイトを取得したが、英語の館名の記載を見つけられなかった	本人ページのローマ字と一致（Okuda/Gensō）	Wikidata P856→https://www.genso-sayume.jp/（＋言語切替リンク）を取得し全文検索→英名0件
okuda-genso	奥田 元宋	collection	奥田元宋・小由女美術館	奥田元宋・奥田小由女	館・施設	ko	오쿠다 겐소·사유메 미술관	오쿠다 겐소 사유메 미술관	C	★館の公式サイトに韓国語ページを検出できず、ハングル表記の根拠が確認できない（日本語の読みからの音写と推測されるが未確認）	本人ページにハングル表記の欄が無いため社内照合先なし	Wikidata P856→https://www.genso-sayume.jp/（＋言語切替リンク）を取得し、韓国語ページの有無とハングル表記を全文検索
okuda-genso	奥田 元宋	collection	奥田元宋・小由女美術館	奥田元宋・奥田小由女	館・施設	fr	Musée d'art Okuda Gensō Sayume	Okuda Gensō	C	当該言語の公式表記も英語の公式表記も確認できていない。人名部分は当社の英語表記と同一	本人ページのローマ字と一致（Okuda/Gensō）	公式サイト（https://www.genso-sayume.jp/）に当該言語のページを検出できず（機械判定）。英語表記との一致で代替判定
okuda-genso	奥田 元宋	collection	奥田元宋・小由女美術館	奥田元宋・奥田小由女	館・施設	es	Museo de Arte Okuda Gensō Sayume	Okuda Gensō	C	当該言語の公式表記も英語の公式表記も確認できていない。人名部分は当社の英語表記と同一	本人ページのローマ字と一致（Okuda/Gensō）	公式サイト（https://www.genso-sayume.jp/）に当該言語のページを検出できず（機械判定）。英語表記との一致で代替判定
okuda-genso	奥田 元宋	collection	奥田元宋・小由女美術館	奥田元宋・奥田小由女	館・施設	de	Okuda-Gensō-Sayume-Kunstmuseum	Okuda Gensō	C	当該言語の公式表記も英語の公式表記も確認できていない。人名部分は当社の英語表記と同一	本人ページのローマ字と一致（Okuda/Gensō）	公式サイト（https://www.genso-sayume.jp/）に当該言語のページを検出できず（機械判定）。英語表記との一致で代替判定
sato-taisei	佐藤 太清	collection	福知山市佐藤太清記念美術館	佐藤太清	館・施設	en	Fukuchiyama City Satō Taisei Memorial Museum of Art	Satō Taisei	C	公式サイトを取得したが、英語の館名の記載を見つけられなかった	本人ページのローマ字と一致（Satō/Taisei）	Wikidata P856→https://www.city.fukuchiyama.lg.jp/soshiki/7/33088.html（＋言語切替リンク）を取得し全文検索→英名0件
sato-taisei	佐藤 太清	collection	福知山市佐藤太清記念美術館	佐藤太清	館・施設	ko	후쿠치야마시 사토 다이세이 기념미술관	후쿠치야마시 사토 다이세이 기념미술관	C	★館の公式サイトに韓国語ページを検出できず、ハングル表記の根拠が確認できない（日本語の読みからの音写と推測されるが未確認）	本人ページにハングル表記の欄が無いため社内照合先なし	Wikidata P856→https://www.city.fukuchiyama.lg.jp/soshiki/7/33088.html（＋言語切替リンク）を取得し、韓国語ページの有無とハングル表記を全文検索
sato-taisei	佐藤 太清	collection	福知山市佐藤太清記念美術館	佐藤太清	館・施設	fr	Musée commémoratif Satō Taisei de la ville de Fukuchiyama	Satō Taisei	C	当該言語の公式表記も英語の公式表記も確認できていない。人名部分は当社の英語表記と同一	本人ページのローマ字と一致（Satō/Taisei）	公式サイト（https://www.city.fukuchiyama.lg.jp/soshiki/7/33088.html）に当該言語のページを検出できず（機械判定）。英語表記との一致で代替判定
sato-taisei	佐藤 太清	collection	福知山市佐藤太清記念美術館	佐藤太清	館・施設	es	Museo Conmemorativo Satō Taisei de la ciudad de Fukuchiyama	Satō Taisei	C	当該言語の公式表記も英語の公式表記も確認できていない。人名部分は当社の英語表記と同一	本人ページのローマ字と一致（Satō/Taisei）	公式サイト（https://www.city.fukuchiyama.lg.jp/soshiki/7/33088.html）に当該言語のページを検出できず（機械判定）。英語表記との一致で代替判定
sato-taisei	佐藤 太清	collection	福知山市佐藤太清記念美術館	佐藤太清	館・施設	de	Sato-Taisei-Gedächtniskunstmuseum der Stadt Fukuchiyama	Sato Taisei	C	当該言語の公式表記も英語の公式表記も確認できていない。人名部分は当社の英語表記と同一	本人ページのローマ字と一致（Sato/Taisei）	公式サイト（https://www.city.fukuchiyama.lg.jp/soshiki/7/33088.html）に当該言語のページを検出できず（機械判定）。英語表記との一致で代替判定
fukuoji-horin	福王寺 法林	collection	米沢市上杉博物館(伝国の杜)	上杉家	館・施設	ko	요네자와시 우에스기 박물관(덴코쿠노모리)	요네자와시 우에스기 박물관 덴코쿠노모리	C	★館の公式サイトに韓国語ページを検出できず、ハングル表記の根拠が確認できない（日本語の読みからの音写と推測されるが未確認）	本人ページにハングル表記の欄が無いため社内照合先なし	Wikidata P856→http://www.denkoku-no-mori.yonezawa.yamagata.jp/uesugi.htm（＋言語切替リンク）を取得し、韓国語ページの有無とハングル表記を全文検索
fukuoji-horin	福王寺 法林	collection	米沢市上杉博物館(伝国の杜)	上杉家	館・施設	de	Uesugi-Museum der Stadt Yonezawa (Denkoku no Mori)	Uesugi der Denkoku Mori	C	★人名部分の綴りが当社の英語表記（Uesugi Denkoku Mori）と食い違う（Uesugi der Denkoku Mori）。相違の根拠は確認できない	当該人物は掲載作家ではない（社内の照合先なし）	同一固有名詞の8言語を並べて比較。公式サイトに当該言語のページは検出できず
shinkai-takezo	新海 竹蔵	masterworks[2]	岡倉天心像	岡倉天心	作品名	romaji	Okakura Tenshin-zo	Okakura Tenshin-zo	C	作品題名のローマ字表記の根拠（所蔵館・展覧会図録の欧文併記等）は本便では確認していない	題名のローマ字（ヘボン式・T17裁定の対象）。外部の公式表記との照合は本便では未実施	本便では未探索（前便T17のローマ字裁定＝ヘボン式の対象範囲）
shinkai-takezo	新海 竹蔵	masterworks[2]	岡倉天心像	岡倉天心	作品名	en	Portrait of Okakura Tenshin	Portrait Okakura Tenshin	C	本便では公式サイトを特定できなかった	当該人物は掲載作家ではない（社内の照合先なし）	Wikidataに該当項目／公式サイトURLの登録なし
miki-sosaku	三木 宗策	collection	耕三寺博物館	耕三寺耕三	館・施設	ko	고산지 박물관	고산지 박물관	C	★館の公式サイトに韓国語ページを検出できず、ハングル表記の根拠が確認できない（日本語の読みからの音写と推測されるが未確認）	本人ページにハングル表記の欄が無いため社内照合先なし	Wikidata P856→https://www.kousanji.or.jp/museum/（＋言語切替リンク）を取得し、韓国語ページの有無とハングル表記を全文検索
miki-sosaku	三木 宗策	collection	耕三寺博物館	耕三寺耕三	館・施設	de	Kōsan-ji-Museum	Kōsan	C	★人名部分の綴りが当社の英語表記（Kosanji）と食い違う（Kōsan）。相違の根拠は確認できない	当該人物は掲載作家ではない（社内の照合先なし）	同一固有名詞の8言語を並べて比較。公式サイトに当該言語のページは検出できず
miki-sosaku	三木 宗策	masterworks[1]	耕三寺七観音像	耕三寺耕三（寺名の由来）	作品名	romaji	Kosanji Shichi-Kannon-zo	Kosanji Shichi-Kannon-zo	C	作品題名のローマ字表記の根拠（所蔵館・展覧会図録の欧文併記等）は本便では確認していない	題名のローマ字（ヘボン式・T17裁定の対象）。外部の公式表記との照合は本便では未実施	本便では未探索（前便T17のローマ字裁定＝ヘボン式の対象範囲）
miki-sosaku	三木 宗策	masterworks[1]	耕三寺七観音像	耕三寺耕三（寺名の由来）	作品名	en	Seven Kannon Statues at Kosanji	Seven Kannon Statues Kosanji	C	本便では公式サイトを特定できなかった	当該人物は掲載作家ではない（社内の照合先なし）	Wikidataに該当項目／公式サイトURLの登録なし
amada-kohei	雨田 光平	collection	雨田光平記念館（福井県越前町）	雨田光平	館・施設	en	Amada Kōhei Memorial Museum (Echizen, Fukui)	Amada Kōhei	C	本便では公式サイトを特定できなかった	本人ページのローマ字と一致（Amada/Kōhei）	Wikidataに該当項目／公式サイトURLの登録なし
amada-kohei	雨田 光平	collection	雨田光平記念館（福井県越前町）	雨田光平	館・施設	ko	아마다 고헤이 기념관(후쿠이현 에치젠초)	아마다 고헤이 기념관 후쿠이현 에치젠초	C	★館の公式サイトに韓国語ページを検出できず、ハングル表記の根拠が確認できない（日本語の読みからの音写と推測されるが未確認）	本人ページにハングル表記の欄が無いため社内照合先なし	公式サイト未特定
amada-kohei	雨田 光平	collection	雨田光平記念館（福井県越前町）	雨田光平	館・施設	fr	Musée commémoratif Amada Kōhei (Echizen, Fukui)	Amada Kōhei	C	当該言語の公式表記も英語の公式表記も確認できていない。人名部分は当社の英語表記と同一	本人ページのローマ字と一致（Amada/Kōhei）	公式サイトに当該言語のページを検出できず（機械判定）。英語表記との一致で代替判定
amada-kohei	雨田 光平	collection	雨田光平記念館（福井県越前町）	雨田光平	館・施設	es	Museo Conmemorativo Amada Kōhei (Echizen, Fukui)	Amada Kōhei	C	当該言語の公式表記も英語の公式表記も確認できていない。人名部分は当社の英語表記と同一	本人ページのローマ字と一致（Amada/Kōhei）	公式サイトに当該言語のページを検出できず（機械判定）。英語表記との一致で代替判定
amada-kohei	雨田 光平	collection	雨田光平記念館（福井県越前町）	雨田光平	館・施設	de	Amada-Kōhei-Gedenkmuseum (Echizen, Fukui)	Amada Kōhei	C	当該言語の公式表記も英語の公式表記も確認できていない。人名部分は当社の英語表記と同一	本人ページのローマ字と一致（Amada/Kōhei）	公式サイトに当該言語のページを検出できず（機械判定）。英語表記との一致で代替判定
amada-kohei	雨田 光平	masterworks[2]	岡倉天心像	岡倉天心	作品名	romaji	Okakura Tenshin-zo	Okakura Tenshin-zo	C	作品題名のローマ字表記の根拠（所蔵館・展覧会図録の欧文併記等）は本便では確認していない	題名のローマ字（ヘボン式・T17裁定の対象）。外部の公式表記との照合は本便では未実施	本便では未探索（前便T17のローマ字裁定＝ヘボン式の対象範囲）
amada-kohei	雨田 光平	masterworks[2]	岡倉天心像	岡倉天心	作品名	en	Portrait of Okakura Tenshin	Portrait Okakura Tenshin	C	本便では公式サイトを特定できなかった	当該人物は掲載作家ではない（社内の照合先なし）	Wikidataに該当項目／公式サイトURLの登録なし
takeishi-kozaburo	武石 弘三郎	collection	文京区立森鷗外記念館	森鷗外	館・施設	ko	분쿄구립 모리 오가이 기념관	분쿄구립 모리 오가이 기념관	C	★館の公式サイトに韓国語ページを検出できず、ハングル表記の根拠が確認できない（日本語の読みからの音写と推測されるが未確認）	本人ページにハングル表記の欄が無いため社内照合先なし	Wikidata P856→https://moriogai-kinenkan.jp/（＋言語切替リンク）を取得し、韓国語ページの有無とハングル表記を全文検索
takeishi-kozaburo	武石 弘三郎	collection	文京区立森鷗外記念館	森鷗外	館・施設	fr	Musée commémoratif Mori Ogai de l'arrondissement de Bunkyo	Mori Ogai l'arrondissement Bunkyo	C	★人名部分の綴りが当社の英語表記（Bunkyo Mori Ogai）と食い違う（Mori Ogai l'arrondissement Bunkyo）。相違の根拠は確認できない	当該人物は掲載作家ではない（社内の照合先なし）	同一固有名詞の8言語を並べて比較。公式サイトに当該言語のページは検出できず
takeishi-kozaburo	武石 弘三郎	collection	文京区立森鷗外記念館	森鷗外	館・施設	es	Museo Conmemorativo Mori Ogai del distrito de Bunkyo	Mori Ogai distrito Bunkyo	C	★人名部分の綴りが当社の英語表記（Bunkyo Mori Ogai）と食い違う（Mori Ogai distrito Bunkyo）。相違の根拠は確認できない	当該人物は掲載作家ではない（社内の照合先なし）	同一固有名詞の8言語を並べて比較。公式サイトに当該言語のページは検出できず
takeishi-kozaburo	武石 弘三郎	collection	文京区立森鷗外記念館	森鷗外	館・施設	de	Mori-Ōgai-Gedenkmuseum des Bezirks Bunkyō	Mori Ōgai Bezirks Bunkyō	C	★人名部分の綴りが当社の英語表記（Bunkyo Mori Ogai）と食い違う（Mori Ōgai Bezirks Bunkyō）。相違の根拠は確認できない	当該人物は掲載作家ではない（社内の照合先なし）	同一固有名詞の8言語を並べて比較。公式サイトに当該言語のページは検出できず
takeishi-kozaburo	武石 弘三郎	masterworks[0]	鴎外胸像	森鴎外	作品名	romaji	Ōgai Kyōzō	Ōgai Kyōzō	C	作品題名のローマ字表記の根拠（所蔵館・展覧会図録の欧文併記等）は本便では確認していない	題名のローマ字（ヘボン式・T17裁定の対象）。外部の公式表記との照合は本便では未実施	本便では未探索（前便T17のローマ字裁定＝ヘボン式の対象範囲）
takeishi-kozaburo	武石 弘三郎	masterworks[0]	鴎外胸像	森鴎外	作品名	en	Bust of Mori Ōgai	Bust Mori Ōgai	C	本便では公式サイトを特定できなかった	当該人物は掲載作家ではない（社内の照合先なし）	Wikidataに該当項目／公式サイトURLの登録なし
fujikawa-yuzo	藤川 勇造	masterworks[0]	スザンヌ	スザンヌ（モデル名・当方未特定）	作品名	romaji	Suzanne	Suzanne	C	作品題名のローマ字表記の根拠（所蔵館・展覧会図録の欧文併記等）は本便では確認していない	題名のローマ字（ヘボン式・T17裁定の対象）。外部の公式表記との照合は本便では未実施	本便では未探索（前便T17のローマ字裁定＝ヘボン式の対象範囲）
fujikawa-yuzo	藤川 勇造	masterworks[0]	スザンヌ	スザンヌ（モデル名・当方未特定）	作品名	en	Suzanne	Suzanne	C	本便では公式サイトを特定できなかった	当該人物は掲載作家ではない（社内の照合先なし）	Wikidataに該当項目／公式サイトURLの登録なし
sasamura-sokajin	笹村 草家人	collection	碌山美術館	荻原碌山	館・施設	ko	로쿠잔 미술관	로쿠잔 미술관	C	★館の公式サイトに韓国語ページを検出できず、ハングル表記の根拠が確認できない（日本語の読みからの音写と推測されるが未確認）	本人ページにハングル表記の欄が無いため社内照合先なし	Wikidata P856→http://rokuzan.jp/（＋言語切替リンク）を取得し、韓国語ページの有無とハングル表記を全文検索
sasamura-sokajin	笹村 草家人	collection	碌山美術館	荻原碌山	館・施設	fr	Musée d'art Rokuzan	d'art Rokuzan	C	★人名部分の綴りが当社の英語表記（Rokuzan）と食い違う（d'art Rokuzan）。相違の根拠は確認できない	当該人物は掲載作家ではない（社内の照合先なし）	同一固有名詞の8言語を並べて比較。公式サイトに当該言語のページは検出できず
sasamura-sokajin	笹村 草家人	collection	碌山美術館	荻原碌山	館・施設	es	Museo de Arte Rokuzan	Arte Rokuzan	C	★人名部分の綴りが当社の英語表記（Rokuzan）と食い違う（Arte Rokuzan）。相違の根拠は確認できない	当該人物は掲載作家ではない（社内の照合先なし）	同一固有名詞の8言語を並べて比較。公式サイトに当該言語のページは検出できず
sasamura-sokajin	笹村 草家人	masterworks[2]	明治天皇像	明治天皇	作品名	romaji	Meiji Tenno-zo	Meiji Tenno-zo	C	作品題名のローマ字表記の根拠（所蔵館・展覧会図録の欧文併記等）は本便では確認していない	題名のローマ字（ヘボン式・T17裁定の対象）。外部の公式表記との照合は本便では未実施	本便では未探索（前便T17のローマ字裁定＝ヘボン式の対象範囲）
sasamura-sokajin	笹村 草家人	masterworks[2]	明治天皇像	明治天皇	作品名	en	Statue of Emperor Meiji	Statue Emperor Meiji	C	本便では公式サイトを特定できなかった	当該人物は掲載作家ではない（社内の照合先なし）	Wikidataに該当項目／公式サイトURLの登録なし
kitamura-haruyoshi	北村 治禧	masterworks[0]	梅原龍三郎像	梅原龍三郎	作品名	romaji	Umehara Ryuzaburo-zo	Umehara Ryuzaburo-zo	C	作品題名のローマ字表記の根拠（所蔵館・展覧会図録の欧文併記等）は本便では確認していない	題名のローマ字（ヘボン式・T17裁定の対象）。外部の公式表記との照合は本便では未実施	本便では未探索（前便T17のローマ字裁定＝ヘボン式の対象範囲）
kitamura-haruyoshi	北村 治禧	masterworks[0]	梅原龍三郎像	梅原龍三郎	作品名	en	Portrait of Umehara Ryuzaburo	Umehara Ryuzaburo	C	本便では公式サイトを特定できなかった	本人ページのローマ字と一致（Umehara/Ryuzaburo）	Wikidataに該当項目／公式サイトURLの登録なし
amemiya-keiko	雨宮 敬子	collection	韮崎大村美術館	大村智	館・施設	ko	니라사키 오무라 미술관	니라사키 오무라 미술관	C	★館の公式サイトに韓国語ページを検出できず、ハングル表記の根拠が確認できない（日本語の読みからの音写と推測されるが未確認）	本人ページにハングル表記の欄が無いため社内照合先なし	Wikidata P856→http://nirasakiomura-artmuseum.com/（＋言語切替リンク）を取得し、韓国語ページの有無とハングル表記を全文検索
amemiya-keiko	雨宮 敬子	collection	韮崎大村美術館	大村智	館・施設	fr	Musée d'art Omura de Nirasaki	d'art Omura	C	★人名部分の綴りが当社の英語表記（Omura）と食い違う（d'art Omura）。相違の根拠は確認できない	当該人物は掲載作家ではない（社内の照合先なし）	同一固有名詞の8言語を並べて比較。公式サイトに当該言語のページは検出できず
amemiya-keiko	雨宮 敬子	collection	韮崎大村美術館	大村智	館・施設	es	Museo de Arte Omura de Nirasaki	Arte Omura	C	★人名部分の綴りが当社の英語表記（Omura）と食い違う（Arte Omura）。相違の根拠は確認できない	当該人物は掲載作家ではない（社内の照合先なし）	同一固有名詞の8言語を並べて比較。公式サイトに当該言語のページは検出できず
asakura-isokichi	浅蔵 五十吉	collection	能美市九谷焼美術館（旧・浅蔵五十吉美術館）	浅蔵五十吉	館・施設	en	Nomi City Kutani Ware Museum (formerly the Asakura Isokichi Museum of Art)	Asakura Isokichi	C	公式サイトを取得したが、英語の館名の記載を見つけられなかった	本人ページのローマ字と一致（Asakura/Isokichi）	Wikidata P856→https://www.kutaniyaki.or.jp（＋言語切替リンク）を取得し全文検索→英名0件
asakura-isokichi	浅蔵 五十吉	collection	能美市九谷焼美術館（旧・浅蔵五十吉美術館）	浅蔵五十吉	館・施設	ko	노미시 구타니야키 미술관(구 아사쿠라 이소키치 미술관)	노미시 구타니야키 미술관 아사쿠라 이소키치 미술관	C	★館の公式サイトに韓国語ページを検出できず、ハングル表記の根拠が確認できない（日本語の読みからの音写と推測されるが未確認）	本人ページにハングル表記の欄が無いため社内照合先なし	Wikidata P856→https://www.kutaniyaki.or.jp（＋言語切替リンク）を取得し、韓国語ページの有無とハングル表記を全文検索
asakura-isokichi	浅蔵 五十吉	collection	能美市九谷焼美術館（旧・浅蔵五十吉美術館）	浅蔵五十吉	館・施設	fr	Musée de la céramique de Kutani de la ville de Nomi (ancien musée Asakura Isokichi)	Asakura Isokichi	C	当該言語の公式表記も英語の公式表記も確認できていない。人名部分は当社の英語表記と同一	本人ページのローマ字と一致（Asakura/Isokichi）	公式サイト（https://www.kutaniyaki.or.jp）に当該言語のページを検出できず（機械判定）。英語表記との一致で代替判定
asakura-isokichi	浅蔵 五十吉	collection	能美市九谷焼美術館（旧・浅蔵五十吉美術館）	浅蔵五十吉	館・施設	es	Museo de Cerámica de Kutani de la Ciudad de Nomi (antiguo Museo Asakura Isokichi)	Asakura Isokichi	C	当該言語の公式表記も英語の公式表記も確認できていない。人名部分は当社の英語表記と同一	本人ページのローマ字と一致（Asakura/Isokichi）	公式サイト（https://www.kutaniyaki.or.jp）に当該言語のページを検出できず（機械判定）。英語表記との一致で代替判定
asakura-isokichi	浅蔵 五十吉	collection	能美市九谷焼美術館（旧・浅蔵五十吉美術館）	浅蔵五十吉	館・施設	de	Kutani-Keramikmuseum der Stadt Nomi (ehemals Asakura-Isokichi-Kunstmuseum)	Asakura Isokichi	C	当該言語の公式表記も英語の公式表記も確認できていない。人名部分は当社の英語表記と同一	本人ページのローマ字と一致（Asakura/Isokichi）	公式サイト（https://www.kutaniyaki.or.jp）に当該言語のページを検出できず（機械判定）。英語表記との一致で代替判定
amata-akitsugu	天田 昭次	collection	刀剣伝承館・天田昭次記念館	天田昭次	館・施設	en	Sword Heritage Hall and Amata Akitsugu Memorial Museum	Amata Akitsugu	C	本便では公式サイトを特定できなかった	本人ページのローマ字と一致（Amata/Akitsugu）	Wikidataに該当項目／公式サイトURLの登録なし
amata-akitsugu	天田 昭次	collection	刀剣伝承館・天田昭次記念館	天田昭次	館・施設	ko	도검전승관·아마타 아키쓰구 기념관	도검전승관 아마타 아키쓰구 기념관	C	★館の公式サイトに韓国語ページを検出できず、ハングル表記の根拠が確認できない（日本語の読みからの音写と推測されるが未確認）	本人ページにハングル表記の欄が無いため社内照合先なし	公式サイト未特定
amata-akitsugu	天田 昭次	collection	刀剣伝承館・天田昭次記念館	天田昭次	館・施設	fr	Hall du patrimoine du sabre et Musée commémoratif Amata Akitsugu	Amata Akitsugu	C	当該言語の公式表記も英語の公式表記も確認できていない。人名部分は当社の英語表記と同一	本人ページのローマ字と一致（Amata/Akitsugu）	公式サイトに当該言語のページを検出できず（機械判定）。英語表記との一致で代替判定
amata-akitsugu	天田 昭次	collection	刀剣伝承館・天田昭次記念館	天田昭次	館・施設	es	Sala del Patrimonio de la Espada y Museo Conmemorativo Amata Akitsugu	Amata Akitsugu	C	当該言語の公式表記も英語の公式表記も確認できていない。人名部分は当社の英語表記と同一	本人ページのローマ字と一致（Amata/Akitsugu）	公式サイトに当該言語のページを検出できず（機械判定）。英語表記との一致で代替判定
amata-akitsugu	天田 昭次	collection	刀剣伝承館・天田昭次記念館	天田昭次	館・施設	de	Halle des Schwerterbes und Amata-Akitsugu-Gedenkmuseum	Amata Akitsugu	C	当該言語の公式表記も英語の公式表記も確認できていない。人名部分は当社の英語表記と同一	本人ページのローマ字と一致（Amata/Akitsugu）	公式サイトに当該言語のページを検出できず（機械判定）。英語表記との一致で代替判定
osumi-toshihira	大隅 俊平	collection	太田市立大隅俊平美術館	大隅俊平	館・施設	en	Ōta City Ōsumi Toshihira Art Museum	Ōsumi Toshihira	C	本便では公式サイトを特定できなかった	本人ページのローマ字と一致（Ōsumi/Toshihira）	Wikidataに該当項目／公式サイトURLの登録なし
osumi-toshihira	大隅 俊平	collection	太田市立大隅俊平美術館	大隅俊平	館・施設	ko	오타시립 오스미 도시히라 미술관	오타시립 오스미 도시히라 미술관	C	★館の公式サイトに韓国語ページを検出できず、ハングル表記の根拠が確認できない（日本語の読みからの音写と推測されるが未確認）	本人ページにハングル表記の欄が無いため社内照合先なし	公式サイト未特定
osumi-toshihira	大隅 俊平	collection	太田市立大隅俊平美術館	大隅俊平	館・施設	fr	Musée d'art Ōsumi Toshihira de la ville d'Ōta	Ōsumi Toshihira	C	当該言語の公式表記も英語の公式表記も確認できていない。人名部分は当社の英語表記と同一	本人ページのローマ字と一致（Ōsumi/Toshihira）	公式サイトに当該言語のページを検出できず（機械判定）。英語表記との一致で代替判定
osumi-toshihira	大隅 俊平	collection	太田市立大隅俊平美術館	大隅俊平	館・施設	es	Museo de Arte Ōsumi Toshihira de la ciudad de Ōta	Ōsumi Toshihira	C	当該言語の公式表記も英語の公式表記も確認できていない。人名部分は当社の英語表記と同一	本人ページのローマ字と一致（Ōsumi/Toshihira）	公式サイトに当該言語のページを検出できず（機械判定）。英語表記との一致で代替判定
osumi-toshihira	大隅 俊平	collection	太田市立大隅俊平美術館	大隅俊平	館・施設	de	Osumi-Toshihira-Kunstmuseum der Stadt Ōta	Osumi Toshihira	C	当該言語の公式表記も英語の公式表記も確認できていない。人名部分は当社の英語表記と同一	本人ページのローマ字と一致（Osumi/Toshihira）	公式サイトに当該言語のページを検出できず（機械判定）。英語表記との一致で代替判定
otsuka-gen	大束 元	masterworks[0]	軌跡 大束元の世界	大束元	作品名	romaji	Kiseki: Ōtsuka Gen no Sekai	Kiseki: Ōtsuka Gen no Sekai	C	作品題名のローマ字表記の根拠（所蔵館・展覧会図録の欧文併記等）は本便では確認していない	題名のローマ字（ヘボン式・T17裁定の対象）。外部の公式表記との照合は本便では未実施	本便では未探索（前便T17のローマ字裁定＝ヘボン式の対象範囲）
otsuka-gen	大束 元	masterworks[0]	軌跡 大束元の世界	大束元	作品名	en	Trajectory: The World of Otsuka Gen	Otsuka Gen	C	本便では公式サイトを特定できなかった	本人ページのローマ字と一致（Otsuka/Gen）	Wikidataに該当項目／公式サイトURLの登録なし
nishikawa-shundo	西川 春洞	masterworks[0]	春洞遺墨	西川春洞	作品名	romaji	Shundō iboku	Shundō iboku	C	作品題名のローマ字表記の根拠（所蔵館・展覧会図録の欧文併記等）は本便では確認していない	題名のローマ字（ヘボン式・T17裁定の対象）。外部の公式表記との照合は本便では未実施	本便では未探索（前便T17のローマ字裁定＝ヘボン式の対象範囲）
nishikawa-shundo	西川 春洞	masterworks[0]	春洞遺墨	西川春洞	作品名	en	Surviving Brushworks of Shundō	Shundō	C	本便では公式サイトを特定できなかった	本人ページのローマ字と一致（Shundō）	Wikidataに該当項目／公式サイトURLの登録なし
niwa-kaikaku	丹羽 海鶴	groups	日下部鳴鶴門	日下部鳴鶴	団体・流派	en	Kusakabe Meikaku school	Kusakabe Meikaku	C	本便では公式サイトを特定できなかった	本人ページのローマ字と一致（Kusakabe/Meikaku）	Wikidataに該当項目／公式サイトURLの登録なし
niwa-kaikaku	丹羽 海鶴	groups	日下部鳴鶴門	日下部鳴鶴	団体・流派	ko	구사카베 메이카쿠 문하	구사카베 메이카쿠 문하	C	★館の公式サイトに韓国語ページを検出できず、ハングル表記の根拠が確認できない（日本語の読みからの音写と推測されるが未確認）	本人ページにハングル表記の欄が無いため社内照合先なし	公式サイト未特定
niwa-kaikaku	丹羽 海鶴	groups	日下部鳴鶴門	日下部鳴鶴	団体・流派	fr	école de Kusakabe Meikaku	Kusakabe Meikaku	C	当該言語の公式表記も英語の公式表記も確認できていない。人名部分は当社の英語表記と同一	本人ページのローマ字と一致（Kusakabe/Meikaku）	公式サイトに当該言語のページを検出できず（機械判定）。英語表記との一致で代替判定
niwa-kaikaku	丹羽 海鶴	groups	日下部鳴鶴門	日下部鳴鶴	団体・流派	es	escuela de Kusakabe Meikaku	Kusakabe Meikaku	C	当該言語の公式表記も英語の公式表記も確認できていない。人名部分は当社の英語表記と同一	本人ページのローマ字と一致（Kusakabe/Meikaku）	公式サイトに当該言語のページを検出できず（機械判定）。英語表記との一致で代替判定
niwa-kaikaku	丹羽 海鶴	groups	日下部鳴鶴門	日下部鳴鶴	団体・流派	de	Schule von Kusakabe Meikaku (日下部鳴鶴門)	Kusakabe Meikaku	C	当該言語の公式表記も英語の公式表記も確認できていない。人名部分は当社の英語表記と同一	本人ページのローマ字と一致（Kusakabe/Meikaku）	公式サイトに当該言語のページを検出できず（機械判定）。英語表記との一致で代替判定
niwa-kaikaku	丹羽 海鶴	masterworks[0]	崔子玉座右銘	崔瑗（崔子玉）	作品名	romaji	Sai Shigyoku zayū no mei	Sai Shigyoku zayū no mei	C	作品題名のローマ字表記の根拠（所蔵館・展覧会図録の欧文併記等）は本便では確認していない	題名のローマ字（ヘボン式・T17裁定の対象）。外部の公式表記との照合は本便では未実施	本便では未探索（前便T17のローマ字裁定＝ヘボン式の対象範囲）
niwa-kaikaku	丹羽 海鶴	masterworks[0]	崔子玉座右銘	崔瑗（崔子玉）	作品名	en	The Maxim of Cui Ziyu	Maxim Cui Ziyu	C	本便では公式サイトを特定できなかった	当該人物は掲載作家ではない（社内の照合先なし）	Wikidataに該当項目／公式サイトURLの登録なし
takeda-kado	武田 霞洞	masterworks[0]	霞洞書幅	霞洞（当方未特定）	作品名	romaji	Kadō shofuku	Kadō shofuku	C	作品題名のローマ字表記の根拠（所蔵館・展覧会図録の欧文併記等）は本便では確認していない	題名のローマ字（ヘボン式・T17裁定の対象）。外部の公式表記との照合は本便では未実施	本便では未探索（前便T17のローマ字裁定＝ヘボン式の対象範囲）
takeda-kado	武田 霞洞	masterworks[0]	霞洞書幅	霞洞（当方未特定）	作品名	en	Calligraphy scrolls by Kadō	scrolls Kadō	C	本便では公式サイトを特定できなかった	当該人物は掲載作家ではない（社内の照合先なし）	Wikidataに該当項目／公式サイトURLの登録なし
matsui-joryu	松井 如流	masterworks[0]	隷書 杜少陵詩	杜甫（杜少陵）	作品名	romaji	Reisho To Shōryō Shi	Reisho To Shōryō Shi	C	作品題名のローマ字表記の根拠（所蔵館・展覧会図録の欧文併記等）は本便では確認していない	題名のローマ字（ヘボン式・T17裁定の対象）。外部の公式表記との照合は本便では未実施	本便では未探索（前便T17のローマ字裁定＝ヘボン式の対象範囲）
matsui-joryu	松井 如流	masterworks[0]	隷書 杜少陵詩	杜甫（杜少陵）	作品名	en	Poem of Du Shaoling in Clerical Script	Poem Shaoling Clerical Script	C	本便では公式サイトを特定できなかった	当該人物は掲載作家ではない（社内の照合先なし）	Wikidataに該当項目／公式サイトURLの登録なし
miyamoto-chikkei	宮本 竹逕	groups	寒玉書道会	（会名の「寒玉」＝人物号の可能性・当方未確認／Codex指摘）	団体・流派	en	Kangyoku Calligraphy Society	Kangyoku Society	C	本便では公式サイトを特定できなかった	当該人物は掲載作家ではない（社内の照合先なし）	Wikidataに該当項目／公式サイトURLの登録なし
miyamoto-chikkei	宮本 竹逕	groups	寒玉書道会	（会名の「寒玉」＝人物号の可能性・当方未確認／Codex指摘）	団体・流派	zh_cn	寒玉书道会	寒玉书道会	C	★日本語の人名漢字が字面として残っていない（寒玉书道会）。字体変換で説明できるか、別の語に置き換わっているか、1件ずつ読む必要がある	★日本語の人名漢字が1字も残っていない（簡体・繁体変換で別字になっている可能性）	公式サイト未特定。日本語の人名漢字との字体対応のみ機械照合
miyamoto-chikkei	宮本 竹逕	groups	寒玉書道会	（会名の「寒玉」＝人物号の可能性・当方未確認／Codex指摘）	団体・流派	zh_tw	寒玉書道會	寒玉書道會	C	★日本語の人名漢字が字面として残っていない（寒玉書道會）。字体変換で説明できるか、別の語に置き換わっているか、1件ずつ読む必要がある	★日本語の人名漢字が1字も残っていない（簡体・繁体変換で別字になっている可能性）	公式サイト未特定。日本語の人名漢字との字体対応のみ機械照合
miyamoto-chikkei	宮本 竹逕	groups	寒玉書道会	（会名の「寒玉」＝人物号の可能性・当方未確認／Codex指摘）	団体・流派	ko	간교쿠 서도회	간교쿠 서도회	C	★館の公式サイトに韓国語ページを検出できず、ハングル表記の根拠が確認できない（日本語の読みからの音写と推測されるが未確認）	本人ページにハングル表記の欄が無いため社内照合先なし	公式サイト未特定
miyamoto-chikkei	宮本 竹逕	groups	寒玉書道会	（会名の「寒玉」＝人物号の可能性・当方未確認／Codex指摘）	団体・流派	fr	Société de calligraphie Kangyoku	Société Kangyoku	C	★人名部分の綴りが当社の英語表記（Kangyoku Society）と食い違う（Société Kangyoku）。相違の根拠は確認できない	当該人物は掲載作家ではない（社内の照合先なし）	同一固有名詞の8言語を並べて比較。公式サイトに当該言語のページは検出できず
miyamoto-chikkei	宮本 竹逕	groups	寒玉書道会	（会名の「寒玉」＝人物号の可能性・当方未確認／Codex指摘）	団体・流派	es	Sociedad de Caligrafía Kangyoku	Sociedad Kangyoku	C	★人名部分の綴りが当社の英語表記（Kangyoku Society）と食い違う（Sociedad Kangyoku）。相違の根拠は確認できない	当該人物は掲載作家ではない（社内の照合先なし）	同一固有名詞の8言語を並べて比較。公式サイトに当該言語のページは検出できず
miyamoto-chikkei	宮本 竹逕	groups	寒玉書道会	（会名の「寒玉」＝人物号の可能性・当方未確認／Codex指摘）	団体・流派	de	Kangyoku-Kalligrafie-Gesellschaft (寒玉書道会; Kangyoku Shodōkai)	Kangyoku Kalligrafie Gesellschaft Kangyoku Shodōkai	C	★人名部分の綴りが当社の英語表記（Kangyoku Society）と食い違う（Kangyoku Kalligrafie Gesellschaft Kangyoku Shodōkai）。相違の根拠は確認できない	当該人物は掲載作家ではない（社内の照合先なし）	同一固有名詞の8言語を並べて比較。公式サイトに当該言語のページは検出できず
miyamoto-chikkei	宮本 竹逕	masterworks[1]	公忠集	源公忠	作品名	romaji	Kintada Shū	Kintada Shū	C	作品題名のローマ字表記の根拠（所蔵館・展覧会図録の欧文併記等）は本便では確認していない	題名のローマ字（ヘボン式・T17裁定の対象）。外部の公式表記との照合は本便では未実施	本便では未探索（前便T17のローマ字裁定＝ヘボン式の対象範囲）
miyamoto-chikkei	宮本 竹逕	masterworks[1]	公忠集	源公忠	作品名	en	Kintada Shū (Anthology of Minamoto no Kintada)	Kintada Shū Anthology Minamoto Kintada	C	本便では公式サイトを特定できなかった	当該人物は掲載作家ではない（社内の照合先なし）	Wikidataに該当項目／公式サイトURLの登録なし
miyamoto-chikkei	宮本 竹逕	masterworks[2]	躬恒集	凡河内躬恒	作品名	romaji	Mitsune Shū	Mitsune Shū	C	作品題名のローマ字表記の根拠（所蔵館・展覧会図録の欧文併記等）は本便では確認していない	題名のローマ字（ヘボン式・T17裁定の対象）。外部の公式表記との照合は本便では未実施	本便では未探索（前便T17のローマ字裁定＝ヘボン式の対象範囲）
miyamoto-chikkei	宮本 竹逕	masterworks[2]	躬恒集	凡河内躬恒	作品名	en	Mitsune Shū (Anthology of Ōshikōchi no Mitsune)	Mitsune Shū Anthology Ōshikōchi Mitsune	C	本便では公式サイトを特定できなかった	当該人物は掲載作家ではない（社内の照合先なし）	Wikidataに該当項目／公式サイトURLの登録なし
nakamura-sodo	中村 素堂	groups	貞香会	（会名の「貞香」＝人物号の可能性・当方未確認／Codex指摘）	団体・流派	en	Teikō Society	Teikō Society	C	本便では公式サイトを特定できなかった	当該人物は掲載作家ではない（社内の照合先なし）	Wikidataに該当項目／公式サイトURLの登録なし
nakamura-sodo	中村 素堂	groups	貞香会	（会名の「貞香」＝人物号の可能性・当方未確認／Codex指摘）	団体・流派	zh_cn	贞香会	贞香会	C	★日本語の人名漢字が字面として残っていない（贞香会）。字体変換で説明できるか、別の語に置き換わっているか、1件ずつ読む必要がある	★日本語の人名漢字が1字も残っていない（簡体・繁体変換で別字になっている可能性）	公式サイト未特定。日本語の人名漢字との字体対応のみ機械照合
nakamura-sodo	中村 素堂	groups	貞香会	（会名の「貞香」＝人物号の可能性・当方未確認／Codex指摘）	団体・流派	zh_tw	貞香會	貞香會	C	★日本語の人名漢字が字面として残っていない（貞香會）。字体変換で説明できるか、別の語に置き換わっているか、1件ずつ読む必要がある	★日本語の人名漢字が1字も残っていない（簡体・繁体変換で別字になっている可能性）	公式サイト未特定。日本語の人名漢字との字体対応のみ機械照合
nakamura-sodo	中村 素堂	groups	貞香会	（会名の「貞香」＝人物号の可能性・当方未確認／Codex指摘）	団体・流派	ko	데이코회	데이코회	C	★館の公式サイトに韓国語ページを検出できず、ハングル表記の根拠が確認できない（日本語の読みからの音写と推測されるが未確認）	本人ページにハングル表記の欄が無いため社内照合先なし	公式サイト未特定
nakamura-sodo	中村 素堂	groups	貞香会	（会名の「貞香」＝人物号の可能性・当方未確認／Codex指摘）	団体・流派	fr	Société Teikō	Société Teikō	C	★人名部分の綴りが当社の英語表記（Teikō Society）と食い違う（Société Teikō）。相違の根拠は確認できない	当該人物は掲載作家ではない（社内の照合先なし）	同一固有名詞の8言語を並べて比較。公式サイトに当該言語のページは検出できず
nakamura-sodo	中村 素堂	groups	貞香会	（会名の「貞香」＝人物号の可能性・当方未確認／Codex指摘）	団体・流派	es	Sociedad Teikō	Sociedad Teikō	C	★人名部分の綴りが当社の英語表記（Teikō Society）と食い違う（Sociedad Teikō）。相違の根拠は確認できない	当該人物は掲載作家ではない（社内の照合先なし）	同一固有名詞の8言語を並べて比較。公式サイトに当該言語のページは検出できず
nakamura-sodo	中村 素堂	groups	貞香会	（会名の「貞香」＝人物号の可能性・当方未確認／Codex指摘）	団体・流派	de	Teikōkai (貞香会)	Teikōkai	C	★人名部分の綴りが当社の英語表記（Teikō Society）と食い違う（Teikōkai）。相違の根拠は確認できない	当該人物は掲載作家ではない（社内の照合先なし）	同一固有名詞の8言語を並べて比較。公式サイトに当該言語のページは検出できず
hidai-shokin	比田井 小琴	collection	佐久市立天来記念館	比田井天来	館・施設	en	Saku Municipal Tenrai Memorial Museum	Tenrai	C	公式サイトを取得したが、英語の館名の記載を見つけられなかった	本人ページのローマ字と一致（Tenrai）	Wikidata P856→http://www.city.saku.nagano.jp/shisetsu/sakubun/tenraikinenkan/（＋言語切替リンク）を取得し全文検索→英名0件
hidai-shokin	比田井 小琴	collection	佐久市立天来記念館	比田井天来	館・施設	ko	사쿠 시립 덴라이 기념관	사쿠 시립 덴라이 기념관	C	★館の公式サイトに韓国語ページを検出できず、ハングル表記の根拠が確認できない（日本語の読みからの音写と推測されるが未確認）	本人ページにハングル表記の欄が無いため社内照合先なし	Wikidata P856→http://www.city.saku.nagano.jp/shisetsu/sakubun/tenraikinenkan/（＋言語切替リンク）を取得し、韓国語ページの有無とハングル表記を全文検索
hidai-shokin	比田井 小琴	collection	佐久市立天来記念館	比田井天来	館・施設	fr	Musée commémoratif Tenrai de la ville de Saku	Tenrai	C	当該言語の公式表記も英語の公式表記も確認できていない。人名部分は当社の英語表記と同一	本人ページのローマ字と一致（Tenrai）	公式サイト（http://www.city.saku.nagano.jp/shisetsu/sakubun/tenraikinenkan/）に当該言語のページを検出できず（機械判定）。英語表記との一致で代替判定
hidai-shokin	比田井 小琴	collection	佐久市立天来記念館	比田井天来	館・施設	es	Museo Conmemorativo Tenrai de la Ciudad de Saku	Tenrai	C	当該言語の公式表記も英語の公式表記も確認できていない。人名部分は当社の英語表記と同一	本人ページのローマ字と一致（Tenrai）	公式サイト（http://www.city.saku.nagano.jp/shisetsu/sakubun/tenraikinenkan/）に当該言語のページを検出できず（機械判定）。英語表記との一致で代替判定
hidai-shokin	比田井 小琴	collection	佐久市立天来記念館	比田井天来	館・施設	de	Städtisches Tenrai-Gedächtnismuseum Saku (佐久市立天来記念館; Saku Shiritsu Tenrai Kinenkan)	Tenrai Tenrai	C	★人名部分の綴りが当社の英語表記（Tenrai）と食い違う（Tenrai Tenrai）。相違の根拠は確認できない	本人ページのローマ字と一致（Tenrai/Tenrai）	同一固有名詞の8言語を並べて比較。公式サイトに当該言語のページは検出できず
namai-shika	生井 子華	masterworks[0]	子華印譜	子華（当方未特定）	作品名	romaji	Shika Inpu	Shika Inpu	C	作品題名のローマ字表記の根拠（所蔵館・展覧会図録の欧文併記等）は本便では確認していない	題名のローマ字（ヘボン式・T17裁定の対象）。外部の公式表記との照合は本便では未実施	本便では未探索（前便T17のローマ字裁定＝ヘボン式の対象範囲）
namai-shika	生井 子華	masterworks[0]	子華印譜	子華（当方未特定）	作品名	en	Shika Inpu (Seal Album of Shika)	Shika Inpu Seal Album Shika	C	本便では公式サイトを特定できなかった	当該人物は掲載作家ではない（社内の照合先なし）	Wikidataに該当項目／公式サイトURLの登録なし
aida-mitsuo	相田 みつを	collection	相田みつを美術館(2024年閉館)	相田みつを	館・施設	ko	아이다 미쓰오 미술관(2024년 폐관)	아이다 미쓰오 미술관 폐관	C	★館の公式サイトに韓国語ページを検出できず、ハングル表記の根拠が確認できない（日本語の読みからの音写と推測されるが未確認）	本人ページにハングル表記の欄が無いため社内照合先なし	Wikidata P856→http://www.mitsuo.co.jp/museum/（＋言語切替リンク）を取得し、韓国語ページの有無とハングル表記を全文検索
naito-rune	内藤 ルネ	masterworks[0]	ルネパンダ	内藤ルネ	作品名	romaji	Rune Panda	Rune Panda	C	作品題名のローマ字表記の根拠（所蔵館・展覧会図録の欧文併記等）は本便では確認していない	題名のローマ字（ヘボン式・T17裁定の対象）。外部の公式表記との照合は本便では未実施	本便では未探索（前便T17のローマ字裁定＝ヘボン式の対象範囲）
naito-rune	内藤 ルネ	masterworks[0]	ルネパンダ	内藤ルネ	作品名	en	Rune Panda	Rune	C	本便では公式サイトを特定できなかった	本人ページのローマ字と一致（Rune）	Wikidataに該当項目／公式サイトURLの登録なし
sano-shigejiro	佐野 繁次郎	masterworks[0]	横光利一作品の装丁	横光利一	作品名	romaji	Yokomitsu Riichi Sakuhin no Sōtei	Yokomitsu Riichi Sakuhin no Sōtei	C	作品題名のローマ字表記の根拠（所蔵館・展覧会図録の欧文併記等）は本便では確認していない	題名のローマ字（ヘボン式・T17裁定の対象）。外部の公式表記との照合は本便では未実施	本便では未探索（前便T17のローマ字裁定＝ヘボン式の対象範囲）
sano-shigejiro	佐野 繁次郎	masterworks[0]	横光利一作品の装丁	横光利一	作品名	en	Book Designs for the Works of Yokomitsu Riichi	Book Designs for Works Yokomitsu Riichi	C	本便では公式サイトを特定できなかった	当該人物は掲載作家ではない（社内の照合先なし）	Wikidataに該当項目／公式サイトURLの登録なし
anzai-mizumaru	安西 水丸	masterworks[0]	村上春樹作品の挿絵・装画	村上春樹	作品名	romaji	Murakami Haruki Sakuhin no Sashie Sōga	Murakami Haruki Sakuhin no Sashie Sōga	C	作品題名のローマ字表記の根拠（所蔵館・展覧会図録の欧文併記等）は本便では確認していない	題名のローマ字（ヘボン式・T17裁定の対象）。外部の公式表記との照合は本便では未実施	本便では未探索（前便T17のローマ字裁定＝ヘボン式の対象範囲）
anzai-mizumaru	安西 水丸	masterworks[0]	村上春樹作品の挿絵・装画	村上春樹	作品名	en	Illustrations and Cover Paintings for the Works of Murakami Haruki	Illustrations Cover Paintings for Works Murakami Haruki	C	本便では公式サイトを特定できなかった	当該人物は掲載作家ではない（社内の照合先なし）	Wikidataに該当項目／公式サイトURLの登録なし
harada-osamu	原田 治	masterworks[0]	オサムグッズ	原田治	作品名	romaji	Osamu Goods	Osamu Goods	C	作品題名のローマ字表記の根拠（所蔵館・展覧会図録の欧文併記等）は本便では確認していない	題名のローマ字（ヘボン式・T17裁定の対象）。外部の公式表記との照合は本便では未実施	本便では未探索（前便T17のローマ字裁定＝ヘボン式の対象範囲）
harada-osamu	原田 治	masterworks[0]	オサムグッズ	原田治	作品名	en	Osamu Goods	Osamu	C	本便では公式サイトを特定できなかった	本人ページのローマ字と一致（Osamu）	Wikidataに該当項目／公式サイトURLの登録なし
tatsuno-kingo	辰野 金吾	collection	東京大学経済学図書館（辰野金吾関係資料・寄託）	辰野金吾	館・施設	en	University of Tokyo Faculty of Economics Library (Tatsuno Kingo–related materials, on deposit)	Tatsuno Kingo	C	公式サイトを取得したが、英語の館名の記載を見つけられなかった	本人ページのローマ字と一致（Tatsuno/Kingo）	Wikidata P856→http://www.lib.e.u-tokyo.ac.jp/（＋言語切替リンク）を取得し全文検索→英名0件
tatsuno-kingo	辰野 金吾	collection	東京大学経済学図書館（辰野金吾関係資料・寄託）	辰野金吾	館・施設	ko	도쿄대학 경제학도서관(다쓰노 긴고 관련 자료·기탁)	도쿄대학 경제학도서관 다쓰노 긴고 관련 자료 기탁	C	★館の公式サイトに韓国語ページを検出できず、ハングル表記の根拠が確認できない（日本語の読みからの音写と推測されるが未確認）	本人ページにハングル表記の欄が無いため社内照合先なし	Wikidata P856→http://www.lib.e.u-tokyo.ac.jp/（＋言語切替リンク）を取得し、韓国語ページの有無とハングル表記を全文検索
tatsuno-kingo	辰野 金吾	collection	東京大学経済学図書館（辰野金吾関係資料・寄託）	辰野金吾	館・施設	fr	Bibliothèque de la faculté d'économie de l'Université de Tokyo (documents relatifs à Tatsuno Kingo, en dépôt)	Tatsuno Kingo	C	当該言語の公式表記も英語の公式表記も確認できていない。人名部分は当社の英語表記と同一	本人ページのローマ字と一致（Tatsuno/Kingo）	公式サイト（http://www.lib.e.u-tokyo.ac.jp/）に当該言語のページを検出できず（機械判定）。英語表記との一致で代替判定
tatsuno-kingo	辰野 金吾	collection	東京大学経済学図書館（辰野金吾関係資料・寄託）	辰野金吾	館・施設	es	Biblioteca de la Facultad de Economía de la Universidad de Tokio (materiales relacionados con Tatsuno Kingo, en depósito)	Tatsuno Kingo	C	当該言語の公式表記も英語の公式表記も確認できていない。人名部分は当社の英語表記と同一	本人ページのローマ字と一致（Tatsuno/Kingo）	公式サイト（http://www.lib.e.u-tokyo.ac.jp/）に当該言語のページを検出できず（機械判定）。英語表記との一致で代替判定
tatsuno-kingo	辰野 金吾	collection	東京大学経済学図書館（辰野金吾関係資料・寄託）	辰野金吾	館・施設	de	Bibliothek der Wirtschaftswissenschaftlichen Fakultät der Universität Tokio (Materialien zu Tatsuno Kingo, als Dauerleihgabe)	Tatsuno Kingo	C	当該言語の公式表記も英語の公式表記も確認できていない。人名部分は当社の英語表記と同一	本人ページのローマ字と一致（Tatsuno/Kingo）	公式サイト（http://www.lib.e.u-tokyo.ac.jp/）に当該言語のページを検出できず（機械判定）。英語表記との一致で代替判定
tatsuno-kingo	辰野 金吾	collection	辰野金吾記念館（旧唐津銀行・佐賀県唐津市）	辰野金吾	館・施設	en	Tatsuno Kingo Memorial Museum (former Karatsu Bank, Karatsu City, Saga Prefecture)	Tatsuno Kingo	C	公式サイトを取得したが、英語の館名の記載を見つけられなかった	本人ページのローマ字と一致（Tatsuno/Kingo）	Wikidata P856→http://karatsu-bank.jp/（＋言語切替リンク）を取得し全文検索→英名0件
tatsuno-kingo	辰野 金吾	collection	辰野金吾記念館（旧唐津銀行・佐賀県唐津市）	辰野金吾	館・施設	ko	다쓰노 긴고 기념관(구 가라쓰 은행, 사가현 가라쓰시)	다쓰노 긴고 기념관 가라쓰 은행 사가현 가라쓰시	C	★館の公式サイトに韓国語ページを検出できず、ハングル表記の根拠が確認できない（日本語の読みからの音写と推測されるが未確認）	本人ページにハングル表記の欄が無いため社内照合先なし	Wikidata P856→http://karatsu-bank.jp/（＋言語切替リンク）を取得し、韓国語ページの有無とハングル表記を全文検索
tatsuno-kingo	辰野 金吾	collection	辰野金吾記念館（旧唐津銀行・佐賀県唐津市）	辰野金吾	館・施設	fr	Musée-mémorial Tatsuno Kingo (ancienne banque de Karatsu, ville de Karatsu, préfecture de Saga)	Tatsuno Kingo	C	当該言語の公式表記も英語の公式表記も確認できていない。人名部分は当社の英語表記と同一	本人ページのローマ字と一致（Tatsuno/Kingo）	公式サイト（http://karatsu-bank.jp/）に当該言語のページを検出できず（機械判定）。英語表記との一致で代替判定
tatsuno-kingo	辰野 金吾	collection	辰野金吾記念館（旧唐津銀行・佐賀県唐津市）	辰野金吾	館・施設	es	Museo Conmemorativo Tatsuno Kingo (antiguo Banco de Karatsu, ciudad de Karatsu, prefectura de Saga)	Tatsuno Kingo	C	当該言語の公式表記も英語の公式表記も確認できていない。人名部分は当社の英語表記と同一	本人ページのローマ字と一致（Tatsuno/Kingo）	公式サイト（http://karatsu-bank.jp/）に当該言語のページを検出できず（機械判定）。英語表記との一致で代替判定
tatsuno-kingo	辰野 金吾	collection	辰野金吾記念館（旧唐津銀行・佐賀県唐津市）	辰野金吾	館・施設	de	Tatsuno-Kingo-Gedenkmuseum (ehemalige Karatsu-Bank, Stadt Karatsu, Präfektur Saga)	Tatsuno Kingo	C	当該言語の公式表記も英語の公式表記も確認できていない。人名部分は当社の英語表記と同一	本人ページのローマ字と一致（Tatsuno/Kingo）	公式サイト（http://karatsu-bank.jp/）に当該言語のページを検出できず（機械判定）。英語表記との一致で代替判定
ito-chuta	伊東 忠太	collection	日本建築学会建築博物館（伊東忠太資料）	伊東忠太	館・施設	en	Architectural Institute of Japan Museum of Architecture (Itō Chūta materials)	Itō Chūta	C	本便では公式サイトを特定できなかった	本人ページのローマ字と一致（Itō/Chūta）	Wikidataに該当項目／公式サイトURLの登録なし
ito-chuta	伊東 忠太	collection	日本建築学会建築博物館（伊東忠太資料）	伊東忠太	館・施設	ko	일본건축학회 건축박물관(이토 추타 자료)	일본건축학회 건축박물관 이토 추타 자료	C	★館の公式サイトに韓国語ページを検出できず、ハングル表記の根拠が確認できない（日本語の読みからの音写と推測されるが未確認）	本人ページにハングル表記の欄が無いため社内照合先なし	公式サイト未特定
ito-chuta	伊東 忠太	collection	日本建築学会建築博物館（伊東忠太資料）	伊東忠太	館・施設	fr	Musée d'architecture de l'Architectural Institute of Japan (documents relatifs à Itō Chūta)	Itō Chūta	C	当該言語の公式表記も英語の公式表記も確認できていない。人名部分は当社の英語表記と同一	本人ページのローマ字と一致（Itō/Chūta）	公式サイトに当該言語のページを検出できず（機械判定）。英語表記との一致で代替判定
ito-chuta	伊東 忠太	collection	日本建築学会建築博物館（伊東忠太資料）	伊東忠太	館・施設	es	Museo de Arquitectura del Architectural Institute of Japan (materiales relacionados con Itō Chūta)	Itō Chūta	C	当該言語の公式表記も英語の公式表記も確認できていない。人名部分は当社の英語表記と同一	本人ページのローマ字と一致（Itō/Chūta）	公式サイトに当該言語のページを検出できず（機械判定）。英語表記との一致で代替判定
ito-chuta	伊東 忠太	collection	日本建築学会建築博物館（伊東忠太資料）	伊東忠太	館・施設	de	Architekturmuseum des Architectural Institute of Japan (Materialien zu Itō Chūta)	Itō Chūta	C	当該言語の公式表記も英語の公式表記も確認できていない。人名部分は当社の英語表記と同一	本人ページのローマ字と一致（Itō/Chūta）	公式サイトに当該言語のページを検出できず（機械判定）。英語表記との一致で代替判定
maki-fumihiko	槇 文彦	collection	慶應義塾大学湘南藤沢キャンパス（槇文彦アーカイブ）	槇文彦	館・施設	en	Keio University Shonan Fujisawa Campus (Maki Fumihiko Archive)	Maki Fumihiko	C	公式サイトを取得したが、英語の館名の記載を見つけられなかった	本人ページのローマ字と一致（Maki/Fumihiko）	Wikidata P856→http://www.sfc.keio.ac.jp/en/top.html（＋言語切替リンク）を取得し全文検索→英名0件
maki-fumihiko	槇 文彦	collection	慶應義塾大学湘南藤沢キャンパス（槇文彦アーカイブ）	槇文彦	館・施設	ko	게이오기주쿠대학 쇼난후지사와 캠퍼스(마키 후미히코 아카이브)	게이오기주쿠대학 쇼난후지사와 캠퍼스 마키 후미히코 아카이브	C	★館の公式サイトに韓国語ページを検出できず、ハングル表記の根拠が確認できない（日本語の読みからの音写と推測されるが未確認）	本人ページにハングル表記の欄が無いため社内照合先なし	Wikidata P856→http://www.sfc.keio.ac.jp/en/top.html（＋言語切替リンク）を取得し、韓国語ページの有無とハングル表記を全文検索
maki-fumihiko	槇 文彦	collection	慶應義塾大学湘南藤沢キャンパス（槇文彦アーカイブ）	槇文彦	館・施設	fr	Université Keio, campus de Shonan Fujisawa (Archives Fumihiko Maki)	Fumihiko Maki	C	★人名部分の綴りが当社の英語表記（Maki Fumihiko）と食い違う（Fumihiko Maki）。相違の根拠は確認できない	本人ページのローマ字と一致（Fumihiko/Maki）	同一固有名詞の8言語を並べて比較。公式サイトに当該言語のページは検出できず
maki-fumihiko	槇 文彦	collection	慶應義塾大学湘南藤沢キャンパス（槇文彦アーカイブ）	槇文彦	館・施設	es	Universidad Keio, campus de Shonan Fujisawa (Archivo Fumihiko Maki)	Fumihiko Maki	C	★人名部分の綴りが当社の英語表記（Maki Fumihiko）と食い違う（Fumihiko Maki）。相違の根拠は確認できない	本人ページのローマ字と一致（Fumihiko/Maki）	同一固有名詞の8言語を並べて比較。公式サイトに当該言語のページは検出できず
maki-fumihiko	槇 文彦	collection	慶應義塾大学湘南藤沢キャンパス（槇文彦アーカイブ）	槇文彦	館・施設	de	Keio-Universität, Campus Shonan Fujisawa (Fumihiko-Maki-Archiv)	Fumihiko Maki	C	★人名部分の綴りが当社の英語表記（Maki Fumihiko）と食い違う（Fumihiko Maki）。相違の根拠は確認できない	本人ページのローマ字と一致（Fumihiko/Maki）	同一固有名詞の8言語を並べて比較。公式サイトに当該言語のページは検出できず
murano-togo	村野 藤吾	masterworks	宇部市渡辺翁記念会館（山口県宇部市・1937年竣工・現存・重要文化財2005年指定）	渡辺祐策	作品名	en	Ube City Watanabe-Okina Memorial Hall (Ube, Yamaguchi Prefecture; completed 1937; extant; Important Cultural Property, designated 2005)	Ube Watanabe Okina Ube completed extant Important Property designated	C	本便では公式サイトを特定できなかった	当該人物は掲載作家ではない（社内の照合先なし）	Wikidataに該当項目／公式サイトURLの登録なし
murano-togo	村野 藤吾	masterworks	宇部市渡辺翁記念会館（山口県宇部市・1937年竣工・現存・重要文化財2005年指定）	渡辺祐策	作品名	ko	우베시 와타나베오키나 기념회관(야마구치현 우베시·1937년 준공·현존·중요문화재 2005년 지정)	우베시 와타나베오키나 기념회관 야마구치현 우베시 준공 현존 중요문화재 지정	C	★館の公式サイトに韓国語ページを検出できず、ハングル表記の根拠が確認できない（日本語の読みからの音写と推測されるが未確認）	本人ページにハングル表記の欄が無いため社内照合先なし	公式サイト未特定
murano-togo	村野 藤吾	masterworks	宇部市渡辺翁記念会館（山口県宇部市・1937年竣工・現存・重要文化財2005年指定）	渡辺祐策	作品名	fr	hall commémoratif Watanabe-Okina de la ville d'Ube (Ube, préfecture de Yamaguchi; achevé en 1937; existant; Bien culturel important, classé en 2005)	Watanabe Okina d'Ube Ube achevé existant Bien culturel important classé	C	★人名部分の綴りが当社の英語表記（Ube Watanabe Okina Ube completed extant Important Property designated）と食い違う（Watanabe Okina d'Ube Ube achevé existant Bien culturel important classé）。相違の根拠は確認できない	当該人物は掲載作家ではない（社内の照合先なし）	同一固有名詞の8言語を並べて比較。公式サイトに当該言語のページは検出できず
murano-togo	村野 藤吾	masterworks	宇部市渡辺翁記念会館（山口県宇部市・1937年竣工・現存・重要文化財2005年指定）	渡辺祐策	作品名	es	Salón Conmemorativo Watanabe-Okina de la ciudad de Ube (Ube, prefectura de Yamaguchi; terminado en 1937; existente; Bien Cultural Importante, declarado en 2005)	Salón Watanabe Okina Ube Ube terminado existente Bien Importante declarado	C	★人名部分の綴りが当社の英語表記（Ube Watanabe Okina Ube completed extant Important Property designated）と食い違う（Salón Watanabe Okina Ube Ube terminado existente Bien Importante declarado）。相違の根拠は確認できない	当該人物は掲載作家ではない（社内の照合先なし）	同一固有名詞の8言語を並べて比較。公式サイトに当該言語のページは検出できず
murano-togo	村野 藤吾	masterworks	宇部市渡辺翁記念会館（山口県宇部市・1937年竣工・現存・重要文化財2005年指定）	渡辺祐策	作品名	de	Watanabe-Okina-Gedenkhalle der Stadt Ube (Ube, Präfektur Yamaguchi; fertiggestellt 1937; erhalten; Wichtiges Kulturgut, ausgewiesen 2005)	Watanabe Okina der Ube Ube Präfektur fertiggestellt erhalten Wichtiges Kulturgut ausgewiesen	C	★人名部分の綴りが当社の英語表記（Ube Watanabe Okina Ube completed extant Important Property designated）と食い違う（Watanabe Okina der Ube Ube Präfektur fertiggestellt erhalten Wichtiges Kulturgut ausgewiesen）。相違の根拠は確認できない	当該人物は掲載作家ではない（社内の照合先なし）	同一固有名詞の8言語を並べて比較。公式サイトに当該言語のページは検出できず
maekawa-kunio	前川 國男	masterworks	木村産業研究所（青森県弘前市・1932年竣工・現存・国指定重要文化財2021年指定）	木村隆三（当方未確認）	作品名	en	Kimura Industry Research Institute (Hirosaki, Aomori Prefecture; completed 1932; extant; nationally designated Important Cultural Property, designated 2021)	Kimura Industry Hirosaki Aomori completed extant nationally designated Important Property designated	C	本便では公式サイトを特定できなかった	当該人物は掲載作家ではない（社内の照合先なし）	Wikidataに該当項目／公式サイトURLの登録なし
maekawa-kunio	前川 國男	masterworks	木村産業研究所（青森県弘前市・1932年竣工・現存・国指定重要文化財2021年指定）	木村隆三（当方未確認）	作品名	ko	기무라산업연구소(아오모리현 히로사키시·1932년 준공·현존·국가지정 중요문화재 2021년 지정)	기무라산업연구소 아오모리현 히로사키시 준공 현존 국가지정 중요문화재 지정	C	★館の公式サイトに韓国語ページを検出できず、ハングル表記の根拠が確認できない（日本語の読みからの音写と推測されるが未確認）	本人ページにハングル表記の欄が無いため社内照合先なし	公式サイト未特定
maekawa-kunio	前川 國男	masterworks	木村産業研究所（青森県弘前市・1932年竣工・現存・国指定重要文化財2021年指定）	木村隆三（当方未確認）	作品名	fr	Institut de recherche industrielle Kimura (Hirosaki, préfecture d'Aomori; achevé en 1932; existant; Bien culturel important d'importance nationale, classé en 2021)	Institut recherche industrielle Kimura Hirosaki d'Aomori achevé existant Bien culturel important d'importance nationale classé	C	★人名部分の綴りが当社の英語表記（Kimura Industry Hirosaki Aomori completed extant nationally designated Important Property designated）と食い違う（Institut recherche industrielle Kimura Hirosaki d'Aomori achevé existant Bien culturel important d'importance nationale classé）。相違の根拠は確認できない	当該人物は掲載作家ではない（社内の照合先なし）	同一固有名詞の8言語を並べて比較。公式サイトに当該言語のページは検出できず
maekawa-kunio	前川 國男	masterworks	木村産業研究所（青森県弘前市・1932年竣工・現存・国指定重要文化財2021年指定）	木村隆三（当方未確認）	作品名	es	Instituto de Investigación Industrial Kimura (Hirosaki, prefectura de Aomori; terminado en 1932; existente; Bien Cultural Importante de designación nacional, declarado en 2021)	Instituto Investigación Industrial Kimura Hirosaki Aomori terminado existente Bien Importante designación declarado	C	★人名部分の綴りが当社の英語表記（Kimura Industry Hirosaki Aomori completed extant nationally designated Important Property designated）と食い違う（Instituto Investigación Industrial Kimura Hirosaki Aomori terminado existente Bien Importante designación declarado）。相違の根拠は確認できない	当該人物は掲載作家ではない（社内の照合先なし）	同一固有名詞の8言語を並べて比較。公式サイトに当該言語のページは検出できず
maekawa-kunio	前川 國男	masterworks	木村産業研究所（青森県弘前市・1932年竣工・現存・国指定重要文化財2021年指定）	木村隆三（当方未確認）	作品名	de	Kimura-Industrieforschungsinstitut (Hirosaki, Präfektur Aomori; fertiggestellt 1932; erhalten; national ausgewiesenes Wichtiges Kulturgut, ausgewiesen 2021)	Kimura Industrieforschungsinstitut Hirosaki Präfektur Aomori fertiggestellt erhalten ausgewiesenes Wichtiges Kulturgut ausgewiesen	C	★人名部分の綴りが当社の英語表記（Kimura Industry Hirosaki Aomori completed extant nationally designated Important Property designated）と食い違う（Kimura Industrieforschungsinstitut Hirosaki Präfektur Aomori fertiggestellt erhalten ausgewiesenes Wichtiges Kulturgut ausgewiesen）。相違の根拠は確認できない	当該人物は掲載作家ではない（社内の照合先なし）	同一固有名詞の8言語を並べて比較。公式サイトに当該言語のページは検出できず
maekawa-kunio	前川 國男	masterworks	国際文化会館本館（東京都港区・1955年竣工・坂倉準三・吉村順三と共同設計・現存・国登録有形文化財2006年登録）	坂倉準三・吉村順三	作品名	en	International House of Japan main building (Minato Ward, Tokyo; completed 1955, co-designed with Junzo Sakakura and Junzo Yoshimura; extant; nationally Registered Tangible Cultural Property, registered 2006)	Junzo Sakakura Junzo	C	本便では公式サイトを特定できなかった	本人ページのローマ字と一致（Junzo/Sakakura/Junzo）	Wikidataに該当項目／公式サイトURLの登録なし
maekawa-kunio	前川 國男	masterworks	国際文化会館本館（東京都港区・1955年竣工・坂倉準三・吉村順三と共同設計・現存・国登録有形文化財2006年登録）	坂倉準三・吉村順三	作品名	ko	국제문화회관 본관(도쿄도 미나토구·1955년 준공·사카쿠라 준조·요시무라 준조와 공동설계·현존·국가등록 유형문화재 2006년 등록)	국제문화회관 본관 도쿄도 미나토구 준공 사카쿠라 준조 요시무라 준조와 공동설계 현존 국가등록 유형문화재 등록	C	★館の公式サイトに韓国語ページを検出できず、ハングル表記の根拠が確認できない（日本語の読みからの音写と推測されるが未確認）	本人ページにハングル表記の欄が無いため社内照合先なし	公式サイト未特定
maekawa-kunio	前川 國男	masterworks	国際文化会館本館（東京都港区・1955年竣工・坂倉準三・吉村順三と共同設計・現存・国登録有形文化財2006年登録）	坂倉準三・吉村順三	作品名	fr	bâtiment principal de la Maison internationale du Japon (arrondissement de Minato, Tokyo; achevé en 1955, coconçu avec Junzo Sakakura et Junzo Yoshimura; existant; bien culturel tangible enregistré au niveau national en 2006)	Junzo Sakakura Junzo	C	当該言語の公式表記も英語の公式表記も確認できていない。人名部分は当社の英語表記と同一	本人ページのローマ字と一致（Junzo/Sakakura/Junzo）	公式サイトに当該言語のページを検出できず（機械判定）。英語表記との一致で代替判定
maekawa-kunio	前川 國男	masterworks	国際文化会館本館（東京都港区・1955年竣工・坂倉準三・吉村順三と共同設計・現存・国登録有形文化財2006年登録）	坂倉準三・吉村順三	作品名	es	edificio principal de la Casa Internacional de Japón (distrito de Minato, Tokio; terminado en 1955, codiseñado con Junzo Sakakura y Junzo Yoshimura; existente; Bien Cultural Tangible Registrado a nivel nacional en 2006)	Junzo Sakakura Junzo	C	当該言語の公式表記も英語の公式表記も確認できていない。人名部分は当社の英語表記と同一	本人ページのローマ字と一致（Junzo/Sakakura/Junzo）	公式サイトに当該言語のページを検出できず（機械判定）。英語表記との一致で代替判定
maekawa-kunio	前川 國男	masterworks	国際文化会館本館（東京都港区・1955年竣工・坂倉準三・吉村順三と共同設計・現存・国登録有形文化財2006年登録）	坂倉準三・吉村順三	作品名	de	Hauptgebäude des Internationalen Hauses Japan (Bezirk Minato, Tokio; fertiggestellt 1955, gemeinsam mit Junzo Sakakura und Junzo Yoshimura entworfen; erhalten; national registriertes materielles Kulturgut, eingetragen 2006)	Junzo Sakakura Junzo	C	当該言語の公式表記も英語の公式表記も確認できていない。人名部分は当社の英語表記と同一	本人ページのローマ字と一致（Junzo/Sakakura/Junzo）	公式サイトに当該言語のページを検出できず（機械判定）。英語表記との一致で代替判定
yoshida-isoya	吉田 五十八	masterworks	五島美術館本館（東京都世田谷区・1960年竣工・現存・国登録有形文化財2017年登録）	五島慶太（当方未確認）	作品名	en	Gotoh Museum main building (Setagaya Ward, Tokyo; completed 1960; extant; nationally Registered Tangible Cultural Property, registered 2017)	Gotoh main building Ward completed extant nationally Registered Tangible Property registered	C	本便では公式サイトを特定できなかった	当該人物は掲載作家ではない（社内の照合先なし）	Wikidataに該当項目／公式サイトURLの登録なし
yoshida-isoya	吉田 五十八	masterworks	五島美術館本館（東京都世田谷区・1960年竣工・現存・国登録有形文化財2017年登録）	五島慶太（当方未確認）	作品名	ko	고토미술관 본관(도쿄도 세타가야구·1960년 준공·현존·국가등록 유형문화재 2017년 등록)	고토미술관 본관 도쿄도 세타가야구 준공 현존 국가등록 유형문화재 등록	C	★館の公式サイトに韓国語ページを検出できず、ハングル表記の根拠が確認できない（日本語の読みからの音写と推測されるが未確認）	本人ページにハングル表記の欄が無いため社内照合先なし	公式サイト未特定
yoshida-isoya	吉田 五十八	masterworks	五島美術館本館（東京都世田谷区・1960年竣工・現存・国登録有形文化財2017年登録）	五島慶太（当方未確認）	作品名	fr	bâtiment principal du musée Gotoh (arrondissement de Setagaya, Tokyo; achevé en 1960; existant; bien culturel tangible enregistré au niveau national en 2017)	bâtiment principal Gotoh arrondissement achevé existant bien culturel tangible enregistré niveau	C	★人名部分の綴りが当社の英語表記（Gotoh main building Ward completed extant nationally Registered Tangible Property registered）と食い違う（bâtiment principal Gotoh arrondissement achevé existant bien culturel tangible enregistré niveau）。相違の根拠は確認できない	当該人物は掲載作家ではない（社内の照合先なし）	同一固有名詞の8言語を並べて比較。公式サイトに当該言語のページは検出できず
yoshida-isoya	吉田 五十八	masterworks	五島美術館本館（東京都世田谷区・1960年竣工・現存・国登録有形文化財2017年登録）	五島慶太（当方未確認）	作品名	es	edificio principal del Museo Gotoh (distrito de Setagaya, Tokio; terminado en 1960; existente; Bien Cultural Tangible Registrado a nivel nacional en 2017)	edificio principal Gotoh distrito Tokio terminado existente Bien Tangible Registrado nivel	C	★人名部分の綴りが当社の英語表記（Gotoh main building Ward completed extant nationally Registered Tangible Property registered）と食い違う（edificio principal Gotoh distrito Tokio terminado existente Bien Tangible Registrado nivel）。相違の根拠は確認できない	当該人物は掲載作家ではない（社内の照合先なし）	同一固有名詞の8言語を並べて比較。公式サイトに当該言語のページは検出できず
yoshida-isoya	吉田 五十八	masterworks	五島美術館本館（東京都世田谷区・1960年竣工・現存・国登録有形文化財2017年登録）	五島慶太（当方未確認）	作品名	de	Hauptgebäude des Gotoh-Museums (Bezirk Setagaya, Tokio; fertiggestellt 1960; erhalten; national registriertes materielles Kulturgut, eingetragen 2017)	Hauptgebäude Gotoh Bezirk Tokio fertiggestellt erhalten registriertes materielles Kulturgut eingetragen	C	★人名部分の綴りが当社の英語表記（Gotoh main building Ward completed extant nationally Registered Tangible Property registered）と食い違う（Hauptgebäude Gotoh Bezirk Tokio fertiggestellt erhalten registriertes materielles Kulturgut eingetragen）。相違の根拠は確認できない	当該人物は掲載作家ではない（社内の照合先なし）	同一固有名詞の8言語を並べて比較。公式サイトに当該言語のページは検出できず
yoshida-isoya	吉田 五十八	masterworks	諏訪市文化センター〔旧北澤会館〕（長野県諏訪市・1962年竣工・大規模改修工事のため休館中〔2027年度供用再開予定〕・国登録有形文化財2014年登録）	北澤（旧北澤会館の名の由来・当方未確認）	作品名	en	Suwa City Culture Center (former Kitazawa Hall) (Suwa, Nagano Prefecture; completed 1962; closed for large-scale renovation, reopening planned for fiscal 2027; nationally Registered Tangible Cultural Property, registered 2014)	Suwa Culture former Kitazawa Suwa completed closed for large scale renovation reopening planned for fiscal nationally Registered Tangible Property registered	C	本便では公式サイトを特定できなかった	当該人物は掲載作家ではない（社内の照合先なし）	Wikidataに該当項目／公式サイトURLの登録なし
yoshida-isoya	吉田 五十八	masterworks	諏訪市文化センター〔旧北澤会館〕（長野県諏訪市・1962年竣工・大規模改修工事のため休館中〔2027年度供用再開予定〕・国登録有形文化財2014年登録）	北澤（旧北澤会館の名の由来・当方未確認）	作品名	ko	스와시 문화센터〔구 기타자와회관〕(나가노현 스와시·1962년 준공·대규모 개보수 공사로 휴관 중〔2027년도 재개장 예정〕·국가등록 유형문화재 2014년 등록)	스와시 문화센터 기타자와회관 나가노현 스와시 준공 대규모 개보수 공사로 휴관 년도 재개장 예정 국가등록 유형문화재 등록	C	★館の公式サイトに韓国語ページを検出できず、ハングル表記の根拠が確認できない（日本語の読みからの音写と推測されるが未確認）	本人ページにハングル表記の欄が無いため社内照合先なし	公式サイト未特定
yoshida-isoya	吉田 五十八	masterworks	諏訪市文化センター〔旧北澤会館〕（長野県諏訪市・1962年竣工・大規模改修工事のため休館中〔2027年度供用再開予定〕・国登録有形文化財2014年登録）	北澤（旧北澤会館の名の由来・当方未確認）	作品名	fr	Centre culturel de la ville de Suwa (ancien Kitazawa Kaikan) (Suwa, préfecture de Nagano; achevé en 1962; fermé pour rénovation majeure, réouverture prévue pour l'exercice 2027; bien culturel tangible enregistré au niveau national en 2014)	culturel Suwa ancien Kitazawa Kaikan Suwa achevé fermé pour rénovation majeure réouverture prévue pour l'exercice bien culturel tangible enregistré niveau	C	★人名部分の綴りが当社の英語表記（Suwa Culture former Kitazawa Suwa completed closed for large scale renovation reopening planned for fiscal nationally Registered Tangible Property registered）と食い違う（culturel Suwa ancien Kitazawa Kaikan Suwa achevé fermé pour rénovation majeure réouverture prévue pour l'exercice bien culturel tangible enregistré niveau）。相違の根拠は確認できない	当該人物は掲載作家ではない（社内の照合先なし）	同一固有名詞の8言語を並べて比較。公式サイトに当該言語のページは検出できず
yoshida-isoya	吉田 五十八	masterworks	諏訪市文化センター〔旧北澤会館〕（長野県諏訪市・1962年竣工・大規模改修工事のため休館中〔2027年度供用再開予定〕・国登録有形文化財2014年登録）	北澤（旧北澤会館の名の由来・当方未確認）	作品名	es	Centro Cultural de la ciudad de Suwa (antiguo Kitazawa Kaikan) (Suwa, prefectura de Nagano; terminado en 1962; cerrado por una renovación de gran escala, con reapertura prevista para el año fiscal 2027; Bien Cultural Tangible Registrado a nivel nacional en 2014)	Suwa antiguo Kitazawa Kaikan Suwa terminado cerrado por una renovación gran escala con reapertura prevista para año fiscal Bien Tangible Registrado nivel	C	★人名部分の綴りが当社の英語表記（Suwa Culture former Kitazawa Suwa completed closed for large scale renovation reopening planned for fiscal nationally Registered Tangible Property registered）と食い違う（Suwa antiguo Kitazawa Kaikan Suwa terminado cerrado por una renovación gran escala con reapertura prevista para año fiscal Bien Tangible Registrado nivel）。相違の根拠は確認できない	当該人物は掲載作家ではない（社内の照合先なし）	同一固有名詞の8言語を並べて比較。公式サイトに当該言語のページは検出できず
yoshida-isoya	吉田 五十八	masterworks	諏訪市文化センター〔旧北澤会館〕（長野県諏訪市・1962年竣工・大規模改修工事のため休館中〔2027年度供用再開予定〕・国登録有形文化財2014年登録）	北澤（旧北澤会館の名の由来・当方未確認）	作品名	de	Kulturzentrum der Stadt Suwa (ehemaliges Kitazawa Kaikan) (Suwa, Präfektur Nagano; fertiggestellt 1962; wegen umfassender Renovierung geschlossen, Wiedereröffnung für das Geschäftsjahr 2027 geplant; national registriertes materielles Kulturgut, eingetragen 2014)	Kulturzentrum der Suwa ehemaliges Kitazawa Kaikan Suwa Präfektur fertiggestellt wegen umfassender Renovierung geschlossen Wiedereröffnung das Geschäftsjahr geplant registriertes materielles Kulturgut eingetragen	C	★人名部分の綴りが当社の英語表記（Suwa Culture former Kitazawa Suwa completed closed for large scale renovation reopening planned for fiscal nationally Registered Tangible Property registered）と食い違う（Kulturzentrum der Suwa ehemaliges Kitazawa Kaikan Suwa Präfektur fertiggestellt wegen umfassender Renovierung geschlossen Wiedereröffnung das Geschäftsjahr geplant registriertes materielles Kulturgut eingetragen）。相違の根拠は確認できない	当該人物は掲載作家ではない（社内の照合先なし）	同一固有名詞の8言語を並べて比較。公式サイトに当該言語のページは検出できず
yoshida-isoya	吉田 五十八	masterworks	鎌倉市吉屋信子記念館主屋（神奈川県鎌倉市・1962年竣工・現存〔春・秋に一般公開、通常は予約制学習施設〕・国登録有形文化財2017年登録）	吉屋信子	作品名	en	main house of the Yoshiya Nobuko Memorial Museum in Kamakura (Kamakura, Kanagawa Prefecture; completed 1962; extant, open to the public in spring and autumn and otherwise a reservation-only study facility; nationally Registered Tangible Cultural Property, registered 2017)	main house Yoshiya Nobuko completed extant open public spring autumn otherwise reservation only study nationally Registered Tangible Property registered	C	本便では公式サイトを特定できなかった	当該人物は掲載作家ではない（社内の照合先なし）	Wikidataに該当項目／公式サイトURLの登録なし
yoshida-isoya	吉田 五十八	masterworks	鎌倉市吉屋信子記念館主屋（神奈川県鎌倉市・1962年竣工・現存〔春・秋に一般公開、通常は予約制学習施設〕・国登録有形文化財2017年登録）	吉屋信子	作品名	ko	가마쿠라시 요시야 노부코 기념관 주옥(가나가와현 가마쿠라시·1962년 준공·현존〔봄·가을 일반 공개, 평상시는 예약제 학습시설〕·국가등록 유형문화재 2017년 등록)	가마쿠라시 요시야 노부코 기념관 주옥 가나가와현 가마쿠라시 준공 현존 가을 일반 공개 평상시는 예약제 학습시설 국가등록 유형문화재 등록	C	★館の公式サイトに韓国語ページを検出できず、ハングル表記の根拠が確認できない（日本語の読みからの音写と推測されるが未確認）	本人ページにハングル表記の欄が無いため社内照合先なし	公式サイト未特定
yoshida-isoya	吉田 五十八	masterworks	鎌倉市吉屋信子記念館主屋（神奈川県鎌倉市・1962年竣工・現存〔春・秋に一般公開、通常は予約制学習施設〕・国登録有形文化財2017年登録）	吉屋信子	作品名	fr	corps de logis principal du musée-mémorial Yoshiya Nobuko à Kamakura (Kamakura, préfecture de Kanagawa; achevé en 1962; existant, ouvert au public au printemps et en automne et sinon établissement d'étude sur réservation; bien culturel tangible enregistré au niveau national en 2017)	corps logis principal Yoshiya Nobuko achevé existant ouvert public printemps automne sinon établissement d'étude sur réservation bien culturel tangible enregistré niveau	C	★人名部分の綴りが当社の英語表記（main house Yoshiya Nobuko completed extant open public spring autumn otherwise reservation only study nationally Registered Tangible Property registered）と食い違う（corps logis principal Yoshiya Nobuko achevé existant ouvert public printemps automne sinon établissement d'étude sur réservation bien culturel tangible enregistré niveau）。相違の根拠は確認できない	当該人物は掲載作家ではない（社内の照合先なし）	同一固有名詞の8言語を並べて比較。公式サイトに当該言語のページは検出できず
yoshida-isoya	吉田 五十八	masterworks	鎌倉市吉屋信子記念館主屋（神奈川県鎌倉市・1962年竣工・現存〔春・秋に一般公開、通常は予約制学習施設〕・国登録有形文化財2017年登録）	吉屋信子	作品名	es	cuerpo principal del Museo Conmemorativo Yoshiya Nobuko en Kamakura (Kamakura, prefectura de Kanagawa; terminado en 1962; existente, abierto al público en primavera y otoño y, por lo demás, instalación de estudio solo con reserva; Bien Cultural Tangible Registrado a nivel nacional en 2017)	cuerpo principal Yoshiya Nobuko terminado existente abierto público primavera otoño por demás instalación estudio solo con reserva Bien Tangible Registrado nivel	C	★人名部分の綴りが当社の英語表記（main house Yoshiya Nobuko completed extant open public spring autumn otherwise reservation only study nationally Registered Tangible Property registered）と食い違う（cuerpo principal Yoshiya Nobuko terminado existente abierto público primavera otoño por demás instalación estudio solo con reserva Bien Tangible Registrado nivel）。相違の根拠は確認できない	当該人物は掲載作家ではない（社内の照合先なし）	同一固有名詞の8言語を並べて比較。公式サイトに当該言語のページは検出できず
yoshida-isoya	吉田 五十八	masterworks	鎌倉市吉屋信子記念館主屋（神奈川県鎌倉市・1962年竣工・現存〔春・秋に一般公開、通常は予約制学習施設〕・国登録有形文化財2017年登録）	吉屋信子	作品名	de	Haupthaus des Yoshiya-Nobuko-Gedenkmuseums in Kamakura (Kamakura, Präfektur Kanagawa; fertiggestellt 1962; erhalten, im Frühjahr und Herbst öffentlich zugänglich, sonst nur nach Voranmeldung als Lernstätte; national registriertes materielles Kulturgut, eingetragen 2017)	Haupthaus Yoshiya Nobuko Gedenkmuseums Präfektur fertiggestellt erhalten Frühjahr Herbst öffentlich zugänglich sonst nur nach Voranmeldung als Lernstätte registriertes materielles Kulturgut eingetragen	C	★人名部分の綴りが当社の英語表記（main house Yoshiya Nobuko completed extant open public spring autumn otherwise reservation only study nationally Registered Tangible Property registered）と食い違う（Haupthaus Yoshiya Nobuko Gedenkmuseums Präfektur fertiggestellt erhalten Frühjahr Herbst öffentlich zugänglich sonst nur nach Voranmeldung als Lernstätte registriertes materielles Kulturgut eingetragen）。相違の根拠は確認できない	当該人物は掲載作家ではない（社内の照合先なし）	同一固有名詞の8言語を並べて比較。公式サイトに当該言語のページは検出できず
kikutake-kiyonori	菊竹清訓	masterworks	スカイハウス〔旧菊竹清訓自邸〕（東京都文京区・1958年竣工・現存・重要文化財2025年8月27日指定）	菊竹清訓	作品名	en	Sky House [former Kikutake Kiyonori Residence] (Bunkyo-ku, Tokyo; completed 1958; extant; designated an Important Cultural Property on August 27, 2025)	Kikutake Kiyonori	C	本便では公式サイトを特定できなかった	本人ページのローマ字と一致（Kikutake/Kiyonori）	Wikidataに該当項目／公式サイトURLの登録なし
kikutake-kiyonori	菊竹清訓	masterworks	スカイハウス〔旧菊竹清訓自邸〕（東京都文京区・1958年竣工・現存・重要文化財2025年8月27日指定）	菊竹清訓	作品名	ko	스카이하우스〔구 기쿠타케 기요노리 자택〕(도쿄도 분쿄구・1958년 준공・현존・2025년 8월 27일 중요문화재 지정)	스카이하우스 기쿠타케 기요노리 자택 도쿄도 분쿄구 준공 현존 중요문화재 지정	C	★館の公式サイトに韓国語ページを検出できず、ハングル表記の根拠が確認できない（日本語の読みからの音写と推測されるが未確認）	本人ページにハングル表記の欄が無いため社内照合先なし	公式サイト未特定
kikutake-kiyonori	菊竹清訓	masterworks	スカイハウス〔旧菊竹清訓自邸〕（東京都文京区・1958年竣工・現存・重要文化財2025年8月27日指定）	菊竹清訓	作品名	fr	Sky House [ancienne résidence de Kikutake Kiyonori] (arrondissement de Bunkyo, Tokyo ; achevée en 1958 ; toujours existante ; désignée bien culturel important le 27 août 2025)	Kikutake Kiyonori	C	当該言語の公式表記も英語の公式表記も確認できていない。人名部分は当社の英語表記と同一	本人ページのローマ字と一致（Kikutake/Kiyonori）	公式サイトに当該言語のページを検出できず（機械判定）。英語表記との一致で代替判定
kikutake-kiyonori	菊竹清訓	masterworks	スカイハウス〔旧菊竹清訓自邸〕（東京都文京区・1958年竣工・現存・重要文化財2025年8月27日指定）	菊竹清訓	作品名	es	Sky House [antigua residencia de Kikutake Kiyonori] (distrito de Bunkyo, Tokio; terminada en 1958; en pie; declarada Bien Cultural Importante el 27 de agosto de 2025)	Kikutake Kiyonori	C	当該言語の公式表記も英語の公式表記も確認できていない。人名部分は当社の英語表記と同一	本人ページのローマ字と一致（Kikutake/Kiyonori）	公式サイトに当該言語のページを検出できず（機械判定）。英語表記との一致で代替判定
kikutake-kiyonori	菊竹清訓	masterworks	スカイハウス〔旧菊竹清訓自邸〕（東京都文京区・1958年竣工・現存・重要文化財2025年8月27日指定）	菊竹清訓	作品名	de	Sky House [ehemaliges Wohnhaus von Kikutake Kiyonori] (Bunkyō-ku, Tokio; fertiggestellt 1958; erhalten; am 27. August 2025 als Wichtiges Kulturgut ausgewiesen)	Kikutake Kiyonori	C	当該言語の公式表記も英語の公式表記も確認できていない。人名部分は当社の英語表記と同一	本人ページのローマ字と一致（Kikutake/Kiyonori）	公式サイトに当該言語のページを検出できず（機械判定）。英語表記との一致で代替判定
imai-kenji	今井兼次	masterworks	早稲田大学2号館〔現・會津八一記念博物館〕（東京都新宿区・1925年竣工・桐山均一・内藤多仲と共同設計・現存〔1998年に會津八一記念博物館として開館〕・東京都選定歴史的建造物〔1999年度選定〕）	會津八一・桐山均一・内藤多仲	作品名	ko	와세다대학교 2호관〔현 아이즈 야이치 기념박물관〕(도쿄도 신주쿠구, 1925년 준공, 기리야마 긴이치·나이토 다추와 공동 설계, 현존〔1998년 아이즈 야이치 기념박물관으로 개관〕, 도쿄도 선정 역사적 건조물〔1999년도 선정〕)	와세다대학교 호관 아이즈 야이치 기념박물관 도쿄도 신주쿠구 준공 기리야마 긴이치 나이토 다추와 공동 설계 현존 아이즈 야이치 기념박물관으로 개관 도쿄도 선정 역사적 건조물 년도 선정	C	★館の公式サイトに韓国語ページを検出できず、ハングル表記の根拠が確認できない（日本語の読みからの音写と推測されるが未確認）	本人ページにハングル表記の欄が無いため社内照合先なし	公式サイト未特定
imai-kenji	今井兼次	masterworks	早稲田大学2号館〔現・會津八一記念博物館〕（東京都新宿区・1925年竣工・桐山均一・内藤多仲と共同設計・現存〔1998年に會津八一記念博物館として開館〕・東京都選定歴史的建造物〔1999年度選定〕）	會津八一・桐山均一・内藤多仲	作品名	de	Gebäude Nr. 2 der Waseda-Universität [heute Aizu-Yaichi-Gedenkmuseum] (Shinjuku, Tokio · fertiggestellt 1925 · gemeinsam entworfen mit Kiriyama Kin'ichi und Naitō Tachū · noch erhalten [1998 als Aizu-Yaichi-Gedenkmuseum wiedereröffnet] · als historisches Gebäude des Tokyo Metropolitan Government ausgewählt [Auswahl im Haushaltsjahr 1999])	Gebäude der Waseda heute Aizu Yaichi Shinjuku Tokio fertiggestellt gemeinsam entworfen mit Kiriyama Kin'ichi Naitō Tachū noch erhalten als Aizu Yaichi wiedereröffnet als historisches Gebäude Metropolitan Government ausgewählt Auswahl Haushaltsjahr	C	英語欄が無く比較できない	当該人物は掲載作家ではない（社内の照合先なし）	本便では公式サイトを特定できず（Wikidataに該当なし／URL登録なし）
imai-kenji	今井兼次	masterworks	大隈重信記念館（佐賀県佐賀市・1966年竣工・現存・国登録有形文化財2017年登録）	大隈重信	作品名	ko	오쿠마 시게노부 기념관(사가현 사가시, 1966년 준공, 현존, 국가등록유형문화재〔2017년 등록〕)	오쿠마 시게노부 기념관 사가현 사가시 준공 현존 국가등록유형문화재 등록	C	★館の公式サイトに韓国語ページを検出できず、ハングル表記の根拠が確認できない（日本語の読みからの音写と推測されるが未確認）	本人ページにハングル表記の欄が無いため社内照合先なし	公式サイト未特定
imai-kenji	今井兼次	masterworks	大隈重信記念館（佐賀県佐賀市・1966年竣工・現存・国登録有形文化財2017年登録）	大隈重信	作品名	de	Ōkuma-Shigenobu-Gedenkmuseum (Stadt Saga, Präfektur Saga · fertiggestellt 1966 · noch erhalten · 2017 als national registriertes materielles Kulturgut eingetragen)	Ōkuma Shigenobu Präfektur fertiggestellt noch erhalten als registriertes materielles Kulturgut eingetragen	C	英語欄が無く比較できない	当該人物は掲載作家ではない（社内の照合先なし）	本便では公式サイトを特定できず（Wikidataに該当なし／URL登録なし）
tsuchiura-kameki	土浦亀城	collection	東京都指定有形文化財1件（土浦亀城邸/土浦家住宅）。	土浦亀城	館・施設	en	One Tokyo Metropolitan Designated Tangible Cultural Property (Tsuchiura Kameki Residence / Tsuchiura Family Residence).	Tsuchiura Kameki Tsuchiura	C	本便では公式サイトを特定できなかった	本人ページのローマ字と一致（Tsuchiura/Kameki/Tsuchiura）	Wikidataに該当項目／公式サイトURLの登録なし
tsuchiura-kameki	土浦亀城	collection	東京都指定有形文化財1件（土浦亀城邸/土浦家住宅）。	土浦亀城	館・施設	ko	도쿄도 지정 유형문화재 1건（츠치우라 카메키 저택/츠치우라가 주택）.	도쿄도 지정 유형문화재 츠치우라 카메키 저택 츠치우라가 주택	C	★館の公式サイトに韓国語ページを検出できず、ハングル表記の根拠が確認できない（日本語の読みからの音写と推測されるが未確認）	本人ページにハングル表記の欄が無いため社内照合先なし	公式サイト未特定
tsuchiura-kameki	土浦亀城	collection	東京都指定有形文化財1件（土浦亀城邸/土浦家住宅）。	土浦亀城	館・施設	fr	Un bien culturel matériel désigné par le Tokyo Metropolitan Government (Résidence Tsuchiura Kameki / Résidence de la famille Tsuchiura).	Tsuchiura Kameki Tsuchiura	C	当該言語の公式表記も英語の公式表記も確認できていない。人名部分は当社の英語表記と同一	本人ページのローマ字と一致（Tsuchiura/Kameki/Tsuchiura）	公式サイトに当該言語のページを検出できず（機械判定）。英語表記との一致で代替判定
tsuchiura-kameki	土浦亀城	collection	東京都指定有形文化財1件（土浦亀城邸/土浦家住宅）。	土浦亀城	館・施設	es	Un bien cultural tangible designado por el Tokyo Metropolitan Government (Residencia Tsuchiura Kameki / Residencia de la familia Tsuchiura).	Tsuchiura Kameki Tsuchiura	C	当該言語の公式表記も英語の公式表記も確認できていない。人名部分は当社の英語表記と同一	本人ページのローマ字と一致（Tsuchiura/Kameki/Tsuchiura）	公式サイトに当該言語のページを検出できず（機械判定）。英語表記との一致で代替判定
tsuchiura-kameki	土浦亀城	collection	東京都指定有形文化財1件（土浦亀城邸/土浦家住宅）。	土浦亀城	館・施設	de	Ein vom Tokyo Metropolitan Government als materielles Kulturgut ausgewiesenes Objekt (Tsuchiura-Kameki-Residenz / Tsuchiura-Familienhaus).	Tsuchiura Kameki Tsuchiura	C	当該言語の公式表記も英語の公式表記も確認できていない。人名部分は当社の英語表記と同一	本人ページのローマ字と一致（Tsuchiura/Kameki/Tsuchiura）	公式サイトに当該言語のページを検出できず（機械判定）。英語表記との一致で代替判定
tsuchiura-kameki	土浦亀城	masterworks	土浦亀城邸〔第2自邸・文化財名称は土浦家住宅・土浦亀城/土浦信子設計〕（旧所在地：東京都品川区上大崎／現所在地：東京都港区南青山・1935年竣工・2024年移築復原・東京都指定有形文化財〔1995年3月27日指定〕）	土浦亀城・土浦信子	作品名	ko	쓰치우라 가메키 저택[제2 자택; 문화재 명칭은 쓰치우라가 주택; 쓰치우라 가메키 / 쓰치우라 노부코 설계](구 소재지: 도쿄도 시나가와구 가미오사키 / 현 소재지: 도쿄도 미나토구 미나미아오야마, 1935년 준공, 2024년 이축 복원, 도쿄도 지정 유형문화재[1995년 3월 27일 지정])	쓰치우라 가메키 저택 자택 문화재 명칭은 쓰치우라가 주택 쓰치우라 가메키 쓰치우라 노부코 설계 소재지 도쿄도 시나가와구 가미오사키 소재지 도쿄도 미나토구 미나미아오야마 준공 이축 복원 도쿄도 지정 유형문화재 지정	C	★館の公式サイトに韓国語ページを検出できず、ハングル表記の根拠が確認できない（日本語の読みからの音写と推測されるが未確認）	本人ページにハングル表記の欄が無いため社内照合先なし	公式サイト未特定
tsuchiura-kameki	土浦亀城	masterworks	土浦亀城邸〔第2自邸・文化財名称は土浦家住宅・土浦亀城/土浦信子設計〕（旧所在地：東京都品川区上大崎／現所在地：東京都港区南青山・1935年竣工・2024年移築復原・東京都指定有形文化財〔1995年3月27日指定〕）	土浦亀城・土浦信子	作品名	fr	Résidence Tsuchiura Kameki [deuxième résidence personnelle ; le nom officiel du bien culturel est « Résidence de la famille Tsuchiura » (Tsuchiura-ke Jūtaku) ; conçue par Tsuchiura Kameki / Tsuchiura Nobuko] (ancien emplacement : Kamiosaki, Shinagawa-ku, Tokyo / emplacement actuel : Minami-Aoyama, Minato-ku, Tokyo · achevée en 1935 · déplacée et restaurée en 2024 · Bien culturel matériel désigné par le Tokyo Metropolitan Government [désigné le 27 mars 1995])	Tsuchiura Kameki Tsuchiura Tsuchiura Tsuchiura Kameki Tsuchiura	C	英語欄が無く比較できない	本人ページのローマ字と一致（Tsuchiura/Kameki/Tsuchiura/Tsuchiura/Tsuchiura/Kameki/Tsuchiura）	本便では公式サイトを特定できず（Wikidataに該当なし／URL登録なし）
tsuchiura-kameki	土浦亀城	masterworks	土浦亀城邸〔第2自邸・文化財名称は土浦家住宅・土浦亀城/土浦信子設計〕（旧所在地：東京都品川区上大崎／現所在地：東京都港区南青山・1935年竣工・2024年移築復原・東京都指定有形文化財〔1995年3月27日指定〕）	土浦亀城・土浦信子	作品名	es	Residencia Tsuchiura Kameki [segunda residencia propia; el nombre oficial del bien cultural es «Residencia de la familia Tsuchiura» (Tsuchiura-ke Jūtaku); diseñada por Tsuchiura Kameki / Tsuchiura Nobuko] (ubicación original: Kamiosaki, Shinagawa-ku, Tokio / ubicación actual: Minami-Aoyama, Minato-ku, Tokio · terminada en 1935 · trasladada y restaurada en 2024 · Bien cultural tangible designado por el Tokyo Metropolitan Government [designado el 27 de marzo de 1995])	Tsuchiura Kameki Tsuchiura Tsuchiura Tsuchiura Kameki Tsuchiura	C	英語欄が無く比較できない	本人ページのローマ字と一致（Tsuchiura/Kameki/Tsuchiura/Tsuchiura/Tsuchiura/Kameki/Tsuchiura）	本便では公式サイトを特定できず（Wikidataに該当なし／URL登録なし）
tsuchiura-kameki	土浦亀城	masterworks	土浦亀城邸〔第2自邸・文化財名称は土浦家住宅・土浦亀城/土浦信子設計〕（旧所在地：東京都品川区上大崎／現所在地：東京都港区南青山・1935年竣工・2024年移築復原・東京都指定有形文化財〔1995年3月27日指定〕）	土浦亀城・土浦信子	作品名	de	Tsuchiura-Kameki-Residenz [zweite eigene Residenz; der offizielle Name des Kulturguts lautet „Tsuchiura-Familienhaus" (Tsuchiura-ke Jūtaku); entworfen von Tsuchiura Kameki / Tsuchiura Nobuko] (ehemaliger Standort: Kamiosaki, Shinagawa-ku, Tokio / heutiger Standort: Minami-Aoyama, Minato-ku, Tokio · fertiggestellt 1935 · 2024 versetzt und restauriert · vom Tokyo Metropolitan Government als materielles Kulturgut ausgewiesen [ausgewiesen am 27. März 1995])	Tsuchiura Kameki Tsuchiura Tsuchiura Tsuchiura Kameki Tsuchiura	C	英語欄が無く比較できない	本人ページのローマ字と一致（Tsuchiura/Kameki/Tsuchiura/Tsuchiura/Tsuchiura/Kameki/Tsuchiura）	本便では公式サイトを特定できず（Wikidataに該当なし／URL登録なし）
kishida-hideto	岸田日出刀	masterworks	東京大学大講堂〔安田講堂〕（東京都文京区本郷7-3-1・1925年竣工・現存・東京大学の大学史資料によれば内田祥三が基本設計を行い岸田日出刀の実施案を採用〔国登録有形文化財データベースの設計者欄は内田祥三のみ記載〕・国登録有形文化財1996年12月20日登録）	内田祥三・岸田日出刀・安田善次郎	作品名	en	University of Tokyo Auditorium [Yasuda Auditorium] (7-3-1 Hongo, Bunkyo-ku, Tokyo; completed 1925; extant; according to the University of Tokyo's institutional history materials, Yoshikazu Uchida produced the basic design and Hideto Kishida's executed design was adopted [the designer field in the National Register of Tangible Cultural Properties database lists only Yoshikazu Uchida]; registered as a National Registered Tangible Cultural Property on December 20, 1996)	Yoshikazu Uchida Hideto Yoshikazu Uchida	C	本便では公式サイトを特定できなかった	本人ページのローマ字と一致（Yoshikazu/Uchida/Hideto/Yoshikazu/Uchida）	Wikidataに該当項目／公式サイトURLの登録なし
kishida-hideto	岸田日出刀	masterworks	東京大学大講堂〔安田講堂〕（東京都文京区本郷7-3-1・1925年竣工・現存・東京大学の大学史資料によれば内田祥三が基本設計を行い岸田日出刀の実施案を採用〔国登録有形文化財データベースの設計者欄は内田祥三のみ記載〕・国登録有形文化財1996年12月20日登録）	内田祥三・岸田日出刀・安田善次郎	作品名	ko	도쿄대학 대강당〔야스다 강당〕(도쿄도 분쿄구 혼고 7-3-1・1925년 준공・현존・도쿄대학 대학사 자료에 따르면 우치다 요시카즈가 기본설계를 하고 기시다 히데토의 실시안이 채택됨〔국가등록유형문화재 데이터베이스의 설계자란에는 우치다 요시카즈만 기재〕・1996년 12월 20일 국가등록유형문화재로 등록)	도쿄대학 대강당 야스다 강당 도쿄도 분쿄구 혼고 준공 현존 도쿄대학 대학사 자료에 따르면 우치다 요시카즈가 기본설계를 하고 기시다 히데토의 실시안이 채택됨 국가등록유형문화재 데이터베이스의 설계자란에는 우치다 요시카즈만 기재 국가등록유형문화재로 등록	C	★館の公式サイトに韓国語ページを検出できず、ハングル表記の根拠が確認できない（日本語の読みからの音写と推測されるが未確認）	本人ページにハングル表記の欄が無いため社内照合先なし	公式サイト未特定
kishida-hideto	岸田日出刀	masterworks	東京大学大講堂〔安田講堂〕（東京都文京区本郷7-3-1・1925年竣工・現存・東京大学の大学史資料によれば内田祥三が基本設計を行い岸田日出刀の実施案を採用〔国登録有形文化財データベースの設計者欄は内田祥三のみ記載〕・国登録有形文化財1996年12月20日登録）	内田祥三・岸田日出刀・安田善次郎	作品名	fr	Grand auditorium de l'Université de Tokyo [auditorium Yasuda] (7-3-1 Hongo, Bunkyo-ku, Tokyo ; achevé en 1925 ; toujours existant ; selon les documents de l'histoire institutionnelle de l'Université de Tokyo, Yoshikazu Uchida a réalisé la conception de base et le projet d'exécution de Hideto Kishida a été retenu [la rubrique « architecte » de la base de données des biens culturels tangibles enregistrés au niveau national ne mentionne que Yoshikazu Uchida] ; inscrit comme bien culturel tangible enregistré au niveau national le 20 décembre 1996)	Yoshikazu Uchida Hideto Kishida Yoshikazu Uchida	C	★人名部分の綴りが当社の英語表記（Yoshikazu Uchida Hideto Yoshikazu Uchida）と食い違う（Yoshikazu Uchida Hideto Kishida Yoshikazu Uchida）。相違の根拠は確認できない	本人ページのローマ字と一致（Yoshikazu/Uchida/Hideto/Kishida/Yoshikazu/Uchida）	同一固有名詞の8言語を並べて比較。公式サイトに当該言語のページは検出できず
kishida-hideto	岸田日出刀	masterworks	東京大学大講堂〔安田講堂〕（東京都文京区本郷7-3-1・1925年竣工・現存・東京大学の大学史資料によれば内田祥三が基本設計を行い岸田日出刀の実施案を採用〔国登録有形文化財データベースの設計者欄は内田祥三のみ記載〕・国登録有形文化財1996年12月20日登録）	内田祥三・岸田日出刀・安田善次郎	作品名	es	Gran auditorio de la Universidad de Tokio [auditorio Yasuda] (7-3-1 Hongo, Bunkyo-ku, Tokio; terminado en 1925; aún en pie; según los materiales de historia institucional de la Universidad de Tokio, Yoshikazu Uchida realizó el diseño básico y se adoptó el proyecto de ejecución de Hideto Kishida [el campo de diseñador en la base de datos de Bienes Culturales Tangibles Registrados a nivel nacional menciona únicamente a Yoshikazu Uchida]; registrado como Bien Cultural Tangible Registrado nacional el 20 de diciembre de 1996)	Yoshikazu Uchida Hideto Kishida Yoshikazu Uchida	C	★人名部分の綴りが当社の英語表記（Yoshikazu Uchida Hideto Yoshikazu Uchida）と食い違う（Yoshikazu Uchida Hideto Kishida Yoshikazu Uchida）。相違の根拠は確認できない	本人ページのローマ字と一致（Yoshikazu/Uchida/Hideto/Kishida/Yoshikazu/Uchida）	同一固有名詞の8言語を並べて比較。公式サイトに当該言語のページは検出できず
kishida-hideto	岸田日出刀	masterworks	東京大学大講堂〔安田講堂〕（東京都文京区本郷7-3-1・1925年竣工・現存・東京大学の大学史資料によれば内田祥三が基本設計を行い岸田日出刀の実施案を採用〔国登録有形文化財データベースの設計者欄は内田祥三のみ記載〕・国登録有形文化財1996年12月20日登録）	内田祥三・岸田日出刀・安田善次郎	作品名	de	Große Aula der Universität Tokio [Yasuda-Aula] (7-3-1 Hongo, Bunkyo-ku, Tokio; fertiggestellt 1925; noch erhalten; laut den institutionsgeschichtlichen Materialien der Universität Tokio erstellte Yoshikazu Uchida den Grundentwurf, während der Ausführungsentwurf von Hideto Kishida übernommen wurde [in der Datenbank der national registrierten Sachkulturgüter ist im Feld „Architekt" nur Yoshikazu Uchida verzeichnet]; am 20. Dezember 1996 als national registriertes Sachkulturgut eingetragen)	Yoshikazu Uchida Hideto Kishida Yoshikazu Uchida	C	★人名部分の綴りが当社の英語表記（Yoshikazu Uchida Hideto Yoshikazu Uchida）と食い違う（Yoshikazu Uchida Hideto Kishida Yoshikazu Uchida）。相違の根拠は確認できない	本人ページのローマ字と一致（Yoshikazu/Uchida/Hideto/Kishida/Yoshikazu/Uchida）	同一固有名詞の8言語を並べて比較。公式サイトに当該言語のページは検出できず